Username,Followers,Following,Posts,Bio,Account_Type
user1,73262,7713,904,This is bio of user1,Creator
user2,60959,430,844,This is bio of user2,Business
user3,14668,7993,71,This is bio of user3,Creator
user4,61327,7760,302,This is bio of user4,Personal
user5,52151,2717,440,This is bio of user5,Business
user6,9711,2117,479,This is bio of user6,Personal
user7,29702,1054,896,This is bio of user7,Business
user8,31512,5290,307,This is bio of user8,Creator
user9,44439,8275,713,This is bio of user9,Business
user10,33724,8013,607,This is bio of user10,Business
user11,86710,5869,268,This is bio of user11,Creator
user12,69498,4203,148,This is bio of user12,Creator
user13,16210,6303,325,This is bio of user13,Business
user14,59087,898,545,This is bio of user14,Personal
user15,63216,193,796,This is bio of user15,Business
user16,19824,8540,132,This is bio of user16,Creator
user17,59499,3369,825,This is bio of user17,Personal
user18,44032,7765,366,This is bio of user18,Personal
user19,19122,8158,476,This is bio of user19,Creator
user20,9089,90,377,This is bio of user20,Personal
user21,45009,179,311,This is bio of user21,Business
user22,63657,7046,392,This is bio of user22,Personal
user23,92405,576,432,This is bio of user23,Business
user24,18246,8569,276,This is bio of user24,Business
user25,25760,3712,521,This is bio of user25,Personal
user26,16647,4720,213,This is bio of user26,Business
user27,80018,8040,943,This is bio of user27,Creator
user28,94866,8339,868,This is bio of user28,Personal
user29,21780,8401,429,This is bio of user29,Business
user30,23640,1172,29,This is bio of user30,Personal
user31,98094,7385,236,This is bio of user31,Business
user32,22867,6450,794,This is bio of user32,Creator
user33,42349,5382,64,This is bio of user33,Creator
user34,21551,7626,354,This is bio of user34,Creator
user35,68126,4696,839,This is bio of user35,Business
user36,63714,3603,824,This is bio of user36,Creator
user37,56742,8832,460,This is bio of user37,Personal
user38,46613,3196,957,This is bio of user38,Creator
user39,15510,9456,958,This is bio of user39,Personal
user40,60471,6640,112,This is bio of user40,Creator
user41,78217,2844,871,This is bio of user41,Personal
user42,47939,2991,83,This is bio of user42,Personal
user43,37553,5432,994,This is bio of user43,Business
user44,91618,9701,505,This is bio of user44,Personal
user45,65007,311,320,This is bio of user45,Personal
user46,98349,9846,305,This is bio of user46,Personal
user47,9612,3152,307,This is bio of user47,Personal
user48,1215,2200,843,This is bio of user48,Creator
user49,61173,5874,665,This is bio of user49,Business
user50,17088,2949,460,This is bio of user50,Personal
user51,77714,6144,221,This is bio of user51,Personal
user52,25301,4131,301,This is bio of user52,Creator
user53,81381,587,155,This is bio of user53,Business
user54,63054,6857,162,This is bio of user54,Personal
user55,87964,5420,72,This is bio of user55,Creator
user56,98896,7016,42,This is bio of user56,Business
user57,84773,7109,115,This is bio of user57,Personal
user58,61431,208,341,This is bio of user58,Business
user59,5092,8215,398,This is bio of user59,Business
user60,19625,1733,813,This is bio of user60,Business
user61,22841,3844,935,This is bio of user61,Creator
user62,77353,7386,454,This is bio of user62,Personal
user63,81730,9381,147,This is bio of user63,Creator
user64,92778,1082,817,This is bio of user64,Creator
user65,76383,5307,95,This is bio of user65,Personal
user66,94505,3776,609,This is bio of user66,Creator
user67,3026,512,363,This is bio of user67,Personal
user68,29672,1751,181,This is bio of user68,Personal
user69,4502,7266,170,This is bio of user69,Creator
user70,18106,4683,762,This is bio of user70,Personal
user71,16306,9843,216,This is bio of user71,Creator
user72,76236,8723,161,This is bio of user72,Personal
user73,81856,8231,302,This is bio of user73,Creator
user74,20514,1643,26,This is bio of user74,Personal
user75,50433,5661,167,This is bio of user75,Creator
user76,74528,6735,613,This is bio of user76,Business
user77,81760,233,34,This is bio of user77,Creator
user78,69764,4233,221,This is bio of user78,Business
user79,98070,1244,703,This is bio of user79,Creator
user80,50559,7392,1000,This is bio of user80,Business
user81,49959,4312,560,This is bio of user81,Personal
user82,10997,9654,248,This is bio of user82,Business
user83,68184,165,581,This is bio of user83,Creator
user84,6253,7429,729,This is bio of user84,Business
user85,76271,7439,195,This is bio of user85,Creator
user86,64475,4421,342,This is bio of user86,Personal
user87,66877,1362,424,This is bio of user87,Creator
user88,66832,8947,204,This is bio of user88,Business
user89,17542,1949,101,This is bio of user89,Creator
user90,74311,664,71,This is bio of user90,Personal
user91,76361,1126,25,This is bio of user91,Creator
user92,21903,4879,368,This is bio of user92,Business
user93,88560,2606,776,This is bio of user93,Personal
user94,99305,7362,316,This is bio of user94,Business
user95,49297,1947,997,This is bio of user95,Personal
user96,41436,8827,996,This is bio of user96,Business
user97,91798,2231,697,This is bio of user97,Business
user98,51386,5246,973,This is bio of user98,Creator
user99,66491,8470,874,This is bio of user99,Business
user100,95204,3140,319,This is bio of user100,Creator
user101,89082,3267,397,This is bio of user101,Creator
user102,13383,9828,515,This is bio of user102,Business
user103,47544,4182,365,This is bio of user103,Creator
user104,72514,2029,542,This is bio of user104,Personal
user105,38158,560,368,This is bio of user105,Business
user106,72210,6724,911,This is bio of user106,Personal
user107,79148,8623,202,This is bio of user107,Business
user108,78776,8516,117,This is bio of user108,Creator
user109,9297,2391,223,This is bio of user109,Personal
user110,77096,9557,526,This is bio of user110,Creator
user111,35598,9466,238,This is bio of user111,Creator
user112,85993,7483,437,This is bio of user112,Personal
user113,417,6863,262,This is bio of user113,Business
user114,15062,7829,643,This is bio of user114,Business
user115,84791,3166,548,This is bio of user115,Creator
user116,90486,4117,458,This is bio of user116,Business
user117,34444,6468,522,This is bio of user117,Personal
user118,88667,9921,274,This is bio of user118,Creator
user119,73396,7513,882,This is bio of user119,Creator
user120,50214,7376,872,This is bio of user120,Creator
user121,3289,1073,449,This is bio of user121,Creator
user122,89067,6119,206,This is bio of user122,Business
user123,86227,4563,858,This is bio of user123,Creator
user124,69809,8047,533,This is bio of user124,Creator
user125,20196,7162,419,This is bio of user125,Business
user126,70665,7170,876,This is bio of user126,Creator
user127,21295,4165,893,This is bio of user127,Creator
user128,7256,1996,360,This is bio of user128,Business
user129,45525,1388,166,This is bio of user129,Personal
user130,11717,404,484,This is bio of user130,Business
user131,93250,4655,113,This is bio of user131,Creator
user132,45844,4329,783,This is bio of user132,Business
user133,6764,405,20,This is bio of user133,Business
user134,18104,1500,547,This is bio of user134,Business
user135,61103,6034,518,This is bio of user135,Personal
user136,42013,6191,385,This is bio of user136,Business
user137,27736,8491,13,This is bio of user137,Personal
user138,63575,1472,469,This is bio of user138,Personal
user139,54597,8494,242,This is bio of user139,Personal
user140,46898,5439,70,This is bio of user140,Creator
user141,64008,4514,120,This is bio of user141,Personal
user142,85878,8019,928,This is bio of user142,Personal
user143,81361,595,807,This is bio of user143,Business
user144,10194,4423,203,This is bio of user144,Business
user145,61744,6862,833,This is bio of user145,Business
user146,37698,7880,890,This is bio of user146,Personal
user147,98632,5366,653,This is bio of user147,Personal
user148,32053,9688,521,This is bio of user148,Business
user149,55655,4435,580,This is bio of user149,Business
user150,8523,937,722,This is bio of user150,Business
user151,64275,2934,597,This is bio of user151,Personal
user152,35055,7059,865,This is bio of user152,Personal
user153,54143,6019,512,This is bio of user153,Personal
user154,97838,1521,229,This is bio of user154,Business
user155,18815,6936,965,This is bio of user155,Business
user156,32318,5846,751,This is bio of user156,Creator
user157,69145,3117,645,This is bio of user157,Business
user158,88011,1665,17,This is bio of user158,Business
user159,62704,5473,530,This is bio of user159,Business
user160,32455,9303,199,This is bio of user160,Creator
user161,26808,2786,265,This is bio of user161,Business
user162,74549,6977,664,This is bio of user162,Creator
user163,66027,430,450,This is bio of user163,Business
user164,61012,3690,820,This is bio of user164,Business
user165,79453,9516,992,This is bio of user165,Personal
user166,89984,9263,417,This is bio of user166,Business
user167,79105,5871,883,This is bio of user167,Business
user168,35738,9197,467,This is bio of user168,Personal
user169,13631,7914,384,This is bio of user169,Personal
user170,29752,7853,336,This is bio of user170,Business
user171,14340,7593,734,This is bio of user171,Personal
user172,76183,9595,414,This is bio of user172,Creator
user173,69419,8562,440,This is bio of user173,Personal
user174,12453,600,852,This is bio of user174,Business
user175,63572,9091,51,This is bio of user175,Business
user176,16219,5952,198,This is bio of user176,Personal
user177,76529,9105,342,This is bio of user177,Creator
user178,39044,6454,311,This is bio of user178,Personal
user179,23909,7614,732,This is bio of user179,Business
user180,26849,7062,829,This is bio of user180,Personal
user181,55699,7204,72,This is bio of user181,Creator
user182,17857,7146,783,This is bio of user182,Personal
user183,3422,3126,952,This is bio of user183,Personal
user184,46723,5589,392,This is bio of user184,Business
user185,73409,7174,493,This is bio of user185,Creator
user186,5930,636,900,This is bio of user186,Business
user187,42254,6150,694,This is bio of user187,Business
user188,62894,709,41,This is bio of user188,Creator
user189,78946,7802,330,This is bio of user189,Business
user190,29367,1056,133,This is bio of user190,Business
user191,57698,2054,750,This is bio of user191,Creator
user192,21430,7092,469,This is bio of user192,Personal
user193,21986,8048,640,This is bio of user193,Business
user194,84326,9984,399,This is bio of user194,Business
user195,15077,3786,794,This is bio of user195,Creator
user196,12380,1562,311,This is bio of user196,Business
user197,82275,7934,298,This is bio of user197,Business
user198,17758,1236,198,This is bio of user198,Business
user199,10987,1341,866,This is bio of user199,Personal
user200,84154,4464,685,This is bio of user200,Creator
user201,5262,6062,201,This is bio of user201,Business
user202,23170,1493,775,This is bio of user202,Creator
user203,97107,7287,384,This is bio of user203,Personal
user204,2602,4400,233,This is bio of user204,Business
user205,8770,5584,742,This is bio of user205,Personal
user206,45077,4445,280,This is bio of user206,Personal
user207,31970,4819,311,This is bio of user207,Personal
user208,85975,3902,97,This is bio of user208,Creator
user209,57609,4054,836,This is bio of user209,Business
user210,69348,2473,830,This is bio of user210,Creator
user211,31161,3574,58,This is bio of user211,Creator
user212,59689,4332,905,This is bio of user212,Business
user213,93012,5070,404,This is bio of user213,Personal
user214,11268,8478,370,This is bio of user214,Personal
user215,91146,4976,554,This is bio of user215,Personal
user216,30262,7259,731,This is bio of user216,Creator
user217,14144,7383,931,This is bio of user217,Creator
user218,34156,5111,445,This is bio of user218,Creator
user219,21365,9214,265,This is bio of user219,Creator
user220,35746,8648,494,This is bio of user220,Business
user221,7212,6773,703,This is bio of user221,Business
user222,57338,550,898,This is bio of user222,Personal
user223,2754,5334,429,This is bio of user223,Creator
user224,85886,6253,238,This is bio of user224,Personal
user225,19182,4662,368,This is bio of user225,Creator
user226,60023,7166,292,This is bio of user226,Creator
user227,20295,9660,607,This is bio of user227,Personal
user228,38476,1223,713,This is bio of user228,Business
user229,72622,8812,124,This is bio of user229,Creator
user230,73196,9631,719,This is bio of user230,Personal
user231,65709,8640,78,This is bio of user231,Creator
user232,51991,1276,802,This is bio of user232,Creator
user233,89733,9169,691,This is bio of user233,Personal
user234,98197,6344,560,This is bio of user234,Creator
user235,57884,1413,505,This is bio of user235,Creator
user236,5328,9027,279,This is bio of user236,Personal
user237,58722,7873,951,This is bio of user237,Personal
user238,37242,6087,448,This is bio of user238,Personal
user239,85591,2089,685,This is bio of user239,Personal
user240,94719,2338,881,This is bio of user240,Personal
user241,19169,9932,110,This is bio of user241,Personal
user242,59679,4679,930,This is bio of user242,Personal
user243,57558,1888,226,This is bio of user243,Business
user244,3896,1630,320,This is bio of user244,Business
user245,31298,346,239,This is bio of user245,Personal
user246,77157,8650,873,This is bio of user246,Business
user247,32341,649,307,This is bio of user247,Creator
user248,83523,3725,340,This is bio of user248,Creator
user249,10885,7098,112,This is bio of user249,Personal
user250,69200,4674,917,This is bio of user250,Personal
user251,28721,449,704,This is bio of user251,Business
user252,20839,1279,314,This is bio of user252,Business
user253,84063,5355,516,This is bio of user253,Creator
user254,10615,2037,176,This is bio of user254,Business
user255,51650,9595,926,This is bio of user255,Creator
user256,29155,7815,537,This is bio of user256,Personal
user257,1946,4167,336,This is bio of user257,Creator
user258,97591,4077,603,This is bio of user258,Personal
user259,55801,7646,849,This is bio of user259,Personal
user260,44180,8519,402,This is bio of user260,Creator
user261,58778,8445,915,This is bio of user261,Business
user262,63852,962,711,This is bio of user262,Personal
user263,24716,360,473,This is bio of user263,Personal
user264,46189,1198,222,This is bio of user264,Creator
user265,80239,2724,714,This is bio of user265,Personal
user266,10619,5792,102,This is bio of user266,Personal
user267,57603,6788,318,This is bio of user267,Business
user268,26057,9109,949,This is bio of user268,Creator
user269,77944,875,891,This is bio of user269,Business
user270,52653,7548,989,This is bio of user270,Personal
user271,21066,9256,857,This is bio of user271,Personal
user272,62057,1646,892,This is bio of user272,Business
user273,6907,3039,598,This is bio of user273,Personal
user274,194,9511,52,This is bio of user274,Personal
user275,51345,88,950,This is bio of user275,Creator
user276,81037,80,756,This is bio of user276,Creator
user277,27526,3389,409,This is bio of user277,Creator
user278,25683,2399,90,This is bio of user278,Personal
user279,42881,255,470,This is bio of user279,Creator
user280,24950,6857,309,This is bio of user280,Personal
user281,21722,9270,591,This is bio of user281,Creator
user282,11052,7980,503,This is bio of user282,Personal
user283,27092,7937,434,This is bio of user283,Creator
user284,44992,5393,370,This is bio of user284,Business
user285,67437,1346,472,This is bio of user285,Creator
user286,34831,3558,424,This is bio of user286,Business
user287,9917,6883,604,This is bio of user287,Personal
user288,84828,4631,224,This is bio of user288,Business
user289,99332,7760,928,This is bio of user289,Business
user290,32795,1364,448,This is bio of user290,Personal
user291,48577,1267,203,This is bio of user291,Business
user292,56856,7175,263,This is bio of user292,Business
user293,4221,1940,439,This is bio of user293,Business
user294,76864,293,791,This is bio of user294,Business
user295,52297,8283,134,This is bio of user295,Business
user296,31158,2286,387,This is bio of user296,Creator
user297,60521,8586,317,This is bio of user297,Business
user298,44820,7355,115,This is bio of user298,Creator
user299,28222,2809,990,This is bio of user299,Business
user300,84253,5222,605,This is bio of user300,Creator
user301,34182,4490,363,This is bio of user301,Personal
user302,59193,8310,589,This is bio of user302,Business
user303,28721,5321,981,This is bio of user303,Creator
user304,53293,3336,822,This is bio of user304,Creator
user305,19942,9983,446,This is bio of user305,Personal
user306,71691,9812,165,This is bio of user306,Personal
user307,98944,1473,873,This is bio of user307,Business
user308,24054,6585,652,This is bio of user308,Creator
user309,42445,280,137,This is bio of user309,Personal
user310,12580,8758,947,This is bio of user310,Creator
user311,29300,8521,583,This is bio of user311,Creator
user312,63625,7572,454,This is bio of user312,Creator
user313,96414,9540,808,This is bio of user313,Business
user314,75735,5159,598,This is bio of user314,Personal
user315,35138,5690,448,This is bio of user315,Personal
user316,3214,7054,499,This is bio of user316,Business
user317,26979,213,858,This is bio of user317,Personal
user318,70542,4491,749,This is bio of user318,Personal
user319,93581,6321,949,This is bio of user319,Business
user320,9421,9505,905,This is bio of user320,Creator
user321,82546,8665,382,This is bio of user321,Business
user322,70074,1150,256,This is bio of user322,Personal
user323,4084,126,932,This is bio of user323,Business
user324,5728,2645,77,This is bio of user324,Creator
user325,75913,1141,577,This is bio of user325,Business
user326,30867,1659,674,This is bio of user326,Creator
user327,88552,4430,531,This is bio of user327,Business
user328,46259,7526,818,This is bio of user328,Creator
user329,27529,6309,343,This is bio of user329,Personal
user330,87237,8869,265,This is bio of user330,Creator
user331,95558,71,718,This is bio of user331,Personal
user332,62244,9891,980,This is bio of user332,Business
user333,2926,7972,490,This is bio of user333,Business
user334,15135,513,437,This is bio of user334,Business
user335,3973,9804,544,This is bio of user335,Business
user336,64202,2581,116,This is bio of user336,Business
user337,41877,7205,399,This is bio of user337,Creator
user338,41484,7424,984,This is bio of user338,Creator
user339,43538,742,192,This is bio of user339,Creator
user340,31045,7087,223,This is bio of user340,Personal
user341,3066,8103,184,This is bio of user341,Business
user342,75323,6556,36,This is bio of user342,Business
user343,10334,4419,492,This is bio of user343,Business
user344,93422,5119,549,This is bio of user344,Business
user345,45312,9453,682,This is bio of user345,Business
user346,61820,8764,360,This is bio of user346,Business
user347,48670,1146,405,This is bio of user347,Business
user348,48309,3469,492,This is bio of user348,Personal
user349,1207,2683,667,This is bio of user349,Personal
user350,30988,9702,926,This is bio of user350,Creator
user351,52584,6701,150,This is bio of user351,Business
user352,20359,2565,22,This is bio of user352,Business
user353,93408,93,825,This is bio of user353,Creator
user354,64323,2561,409,This is bio of user354,Business
user355,21009,7053,736,This is bio of user355,Personal
user356,15699,7293,657,This is bio of user356,Creator
user357,40917,6529,150,This is bio of user357,Creator
user358,60782,4738,762,This is bio of user358,Personal
user359,94067,1481,429,This is bio of user359,Business
user360,74373,5445,900,This is bio of user360,Personal
user361,44429,8916,315,This is bio of user361,Personal
user362,17513,2380,733,This is bio of user362,Personal
user363,53095,7941,690,This is bio of user363,Business
user364,91583,4991,424,This is bio of user364,Business
user365,93895,1674,7,This is bio of user365,Business
user366,98472,5003,941,This is bio of user366,Personal
user367,83845,9396,639,This is bio of user367,Business
user368,75917,9102,179,This is bio of user368,Creator
user369,27393,9619,799,This is bio of user369,Creator
user370,36263,4708,467,This is bio of user370,Personal
user371,66121,8760,915,This is bio of user371,Business
user372,22056,5792,249,This is bio of user372,Business
user373,70604,2863,137,This is bio of user373,Business
user374,53462,6418,724,This is bio of user374,Business
user375,29547,9852,889,This is bio of user375,Business
user376,33362,525,217,This is bio of user376,Business
user377,94457,2635,17,This is bio of user377,Business
user378,43328,3156,707,This is bio of user378,Personal
user379,60502,2620,387,This is bio of user379,Business
user380,44114,3438,6,This is bio of user380,Personal
user381,43697,9747,549,This is bio of user381,Business
user382,1576,8082,259,This is bio of user382,Personal
user383,23330,5710,836,This is bio of user383,Creator
user384,37465,5353,460,This is bio of user384,Creator
user385,15253,6438,33,This is bio of user385,Business
user386,6759,8372,156,This is bio of user386,Business
user387,44146,9407,660,This is bio of user387,Business
user388,9029,3356,656,This is bio of user388,Personal
user389,87418,1795,674,This is bio of user389,Personal
user390,53065,2048,347,This is bio of user390,Personal
user391,68568,1123,428,This is bio of user391,Business
user392,72170,3129,515,This is bio of user392,Business
user393,35335,3190,706,This is bio of user393,Creator
user394,65298,5826,45,This is bio of user394,Creator
user395,70466,4009,651,This is bio of user395,Creator
user396,42931,7660,486,This is bio of user396,Personal
user397,60903,3798,223,This is bio of user397,Personal
user398,75074,5539,576,This is bio of user398,Creator
user399,49513,1589,155,This is bio of user399,Personal
user400,28015,7041,492,This is bio of user400,Business
user401,28317,8819,906,This is bio of user401,Business
user402,72255,2746,582,This is bio of user402,Business
user403,20204,7248,691,This is bio of user403,Personal
user404,71708,934,123,This is bio of user404,Personal
user405,44222,5507,584,This is bio of user405,Creator
user406,46448,4234,129,This is bio of user406,Personal
user407,64211,6080,450,This is bio of user407,Personal
user408,2878,811,410,This is bio of user408,Creator
user409,55326,4344,60,This is bio of user409,Creator
user410,29661,7371,332,This is bio of user410,Business
user411,17544,3928,834,This is bio of user411,Personal
user412,57668,3958,483,This is bio of user412,Business
user413,8207,6499,392,This is bio of user413,Creator
user414,96045,9981,540,This is bio of user414,Creator
user415,56301,8653,636,This is bio of user415,Business
user416,19081,4339,155,This is bio of user416,Business
user417,72816,5116,595,This is bio of user417,Creator
user418,40173,6593,260,This is bio of user418,Personal
user419,85621,8562,620,This is bio of user419,Creator
user420,10281,7709,43,This is bio of user420,Business
user421,90097,5293,911,This is bio of user421,Creator
user422,86479,3566,640,This is bio of user422,Personal
user423,63054,3704,611,This is bio of user423,Personal
user424,84764,9401,977,This is bio of user424,Personal
user425,69372,7384,67,This is bio of user425,Creator
user426,21520,5080,568,This is bio of user426,Business
user427,96820,3356,47,This is bio of user427,Business
user428,72953,1054,661,This is bio of user428,Business
user429,41058,9848,323,This is bio of user429,Personal
user430,42397,2603,130,This is bio of user430,Creator
user431,37889,1602,387,This is bio of user431,Business
user432,20020,7008,464,This is bio of user432,Business
user433,4083,4901,546,This is bio of user433,Creator
user434,69396,2700,900,This is bio of user434,Personal
user435,52142,3989,696,This is bio of user435,Creator
user436,64799,2621,818,This is bio of user436,Personal
user437,49970,8481,254,This is bio of user437,Creator
user438,70254,714,367,This is bio of user438,Business
user439,42702,7379,326,This is bio of user439,Personal
user440,65389,4765,644,This is bio of user440,Personal
user441,71897,483,330,This is bio of user441,Personal
user442,29622,2196,223,This is bio of user442,Personal
user443,52162,7609,501,This is bio of user443,Creator
user444,71952,6772,657,This is bio of user444,Business
user445,82469,1641,906,This is bio of user445,Creator
user446,90458,1128,909,This is bio of user446,Personal
user447,60900,2871,811,This is bio of user447,Business
user448,36377,6801,277,This is bio of user448,Personal
user449,3811,658,276,This is bio of user449,Creator
user450,12125,7551,379,This is bio of user450,Business
user451,14313,302,937,This is bio of user451,Business
user452,70176,5666,989,This is bio of user452,Personal
user453,63661,7411,225,This is bio of user453,Creator
user454,36459,3597,7,This is bio of user454,Business
user455,41323,6241,448,This is bio of user455,Creator
user456,58055,3609,586,This is bio of user456,Personal
user457,88749,4044,519,This is bio of user457,Creator
user458,99904,7054,716,This is bio of user458,Business
user459,75242,361,532,This is bio of user459,Business
user460,73787,4328,294,This is bio of user460,Business
user461,9317,5797,323,This is bio of user461,Personal
user462,60258,7136,697,This is bio of user462,Creator
user463,97375,237,12,This is bio of user463,Business
user464,72492,5841,257,This is bio of user464,Creator
user465,20557,8174,778,This is bio of user465,Business
user466,51832,5927,477,This is bio of user466,Personal
user467,98664,558,789,This is bio of user467,Business
user468,69270,5232,632,This is bio of user468,Business
user469,24037,7533,718,This is bio of user469,Personal
user470,64402,9723,716,This is bio of user470,Personal
user471,5376,669,343,This is bio of user471,Creator
user472,14149,3374,135,This is bio of user472,Creator
user473,30283,7451,177,This is bio of user473,Business
user474,18635,4061,745,This is bio of user474,Creator
user475,41775,8506,923,This is bio of user475,Creator
user476,56011,8425,359,This is bio of user476,Business
user477,58109,4139,692,This is bio of user477,Business
user478,9360,2695,120,This is bio of user478,Personal
user479,41955,3643,951,This is bio of user479,Business
user480,78355,5923,585,This is bio of user480,Personal
user481,30248,1261,460,This is bio of user481,Creator
user482,22636,7235,150,This is bio of user482,Creator
user483,75497,4145,755,This is bio of user483,Creator
user484,13486,1296,526,This is bio of user484,Business
user485,4477,7880,147,This is bio of user485,Personal
user486,22615,2951,831,This is bio of user486,Business
user487,5828,4123,997,This is bio of user487,Personal
user488,27349,806,533,This is bio of user488,Business
user489,9071,5337,271,This is bio of user489,Personal
user490,59286,860,455,This is bio of user490,Personal
user491,4730,8218,899,This is bio of user491,Personal
user492,54137,9074,106,This is bio of user492,Business
user493,26010,5030,785,This is bio of user493,Creator
user494,91384,6015,528,This is bio of user494,Personal
user495,91522,9093,57,This is bio of user495,Creator
user496,95340,8930,587,This is bio of user496,Business
user497,17083,3979,638,This is bio of user497,Personal
user498,73704,943,961,This is bio of user498,Personal
user499,32788,1987,93,This is bio of user499,Creator
user500,51726,2262,173,This is bio of user500,Business
user501,55000,1366,754,This is bio of user501,Business
user502,56346,4796,823,This is bio of user502,Creator
user503,96781,3981,284,This is bio of user503,Creator
user504,72544,7190,691,This is bio of user504,Business
user505,67091,4165,436,This is bio of user505,Creator
user506,10455,9037,196,This is bio of user506,Business
user507,94448,6247,285,This is bio of user507,Personal
user508,94575,4866,899,This is bio of user508,Business
user509,16879,1394,868,This is bio of user509,Business
user510,88792,9459,753,This is bio of user510,Personal
user511,43932,5714,232,This is bio of user511,Creator
user512,11015,1700,27,This is bio of user512,Business
user513,18447,2583,483,This is bio of user513,Creator
user514,24549,2847,386,This is bio of user514,Personal
user515,56235,8048,254,This is bio of user515,Personal
user516,96557,6115,597,This is bio of user516,Creator
user517,98995,9324,188,This is bio of user517,Business
user518,78460,9581,392,This is bio of user518,Creator
user519,83531,7312,671,This is bio of user519,Creator
user520,14285,7422,77,This is bio of user520,Business
user521,36082,1193,881,This is bio of user521,Personal
user522,49802,5015,257,This is bio of user522,Personal
user523,54292,4511,172,This is bio of user523,Business
user524,38562,3075,482,This is bio of user524,Personal
user525,39502,6416,334,This is bio of user525,Personal
user526,14932,3884,592,This is bio of user526,Personal
user527,33235,2304,91,This is bio of user527,Business
user528,7289,3675,771,This is bio of user528,Business
user529,70184,5176,86,This is bio of user529,Creator
user530,15107,4270,258,This is bio of user530,Business
user531,89282,8414,364,This is bio of user531,Business
user532,40721,9065,925,This is bio of user532,Business
user533,81416,2154,645,This is bio of user533,Business
user534,85204,8535,603,This is bio of user534,Creator
user535,66356,4343,212,This is bio of user535,Personal
user536,43474,3380,276,This is bio of user536,Personal
user537,53775,3949,115,This is bio of user537,Business
user538,20689,2653,740,This is bio of user538,Creator
user539,819,5563,590,This is bio of user539,Personal
user540,24916,7603,134,This is bio of user540,Personal
user541,22371,5626,572,This is bio of user541,Business
user542,96496,9881,141,This is bio of user542,Business
user543,22726,780,698,This is bio of user543,Business
user544,83215,5284,443,This is bio of user544,Creator
user545,46890,1284,756,This is bio of user545,Business
user546,5254,8974,115,This is bio of user546,Creator
user547,4245,9447,734,This is bio of user547,Personal
user548,3157,9058,973,This is bio of user548,Personal
user549,58574,5171,853,This is bio of user549,Personal
user550,78032,1827,165,This is bio of user550,Business
user551,72911,8877,841,This is bio of user551,Personal
user552,83699,6459,777,This is bio of user552,Personal
user553,57820,3511,439,This is bio of user553,Creator
user554,32101,4698,757,This is bio of user554,Creator
user555,69834,4325,416,This is bio of user555,Personal
user556,7049,6303,131,This is bio of user556,Creator
user557,8866,550,161,This is bio of user557,Business
user558,49770,4588,556,This is bio of user558,Personal
user559,64501,7249,33,This is bio of user559,Creator
user560,65879,8151,927,This is bio of user560,Business
user561,35927,9791,963,This is bio of user561,Creator
user562,77129,3988,199,This is bio of user562,Creator
user563,7952,546,803,This is bio of user563,Business
user564,92405,7591,570,This is bio of user564,Business
user565,2892,339,782,This is bio of user565,Personal
user566,53165,6924,408,This is bio of user566,Personal
user567,80538,4918,315,This is bio of user567,Business
user568,57308,8133,309,This is bio of user568,Business
user569,90931,2591,339,This is bio of user569,Business
user570,55873,393,352,This is bio of user570,Business
user571,40902,5654,634,This is bio of user571,Business
user572,71791,7740,272,This is bio of user572,Creator
user573,27034,4377,486,This is bio of user573,Business
user574,55716,3432,325,This is bio of user574,Personal
user575,59149,6215,644,This is bio of user575,Business
user576,3070,3142,116,This is bio of user576,Personal
user577,41606,89,253,This is bio of user577,Creator
user578,49355,3158,999,This is bio of user578,Creator
user579,13338,3480,949,This is bio of user579,Creator
user580,38995,5661,924,This is bio of user580,Creator
user581,93841,5523,901,This is bio of user581,Creator
user582,58691,4543,740,This is bio of user582,Creator
user583,21951,3552,448,This is bio of user583,Personal
user584,58481,867,542,This is bio of user584,Personal
user585,45905,3770,98,This is bio of user585,Business
user586,34665,5603,659,This is bio of user586,Creator
user587,46777,4466,476,This is bio of user587,Personal
user588,31576,9881,108,This is bio of user588,Personal
user589,36976,1552,369,This is bio of user589,Personal
user590,13657,777,579,This is bio of user590,Business
user591,31242,9356,642,This is bio of user591,Personal
user592,25149,3297,519,This is bio of user592,Personal
user593,17199,8126,946,This is bio of user593,Personal
user594,45572,5393,316,This is bio of user594,Creator
user595,54714,5497,573,This is bio of user595,Personal
user596,64597,4185,40,This is bio of user596,Personal
user597,96342,5137,922,This is bio of user597,Business
user598,12571,1958,840,This is bio of user598,Creator
user599,8919,460,701,This is bio of user599,Creator
user600,17808,8097,838,This is bio of user600,Business
user601,60890,1478,35,This is bio of user601,Creator
user602,32640,6576,334,This is bio of user602,Creator
user603,58827,9721,748,This is bio of user603,Creator
user604,83912,7442,111,This is bio of user604,Personal
user605,91181,7516,483,This is bio of user605,Creator
user606,38365,7912,270,This is bio of user606,Business
user607,53658,3933,354,This is bio of user607,Creator
user608,1888,2958,703,This is bio of user608,Personal
user609,55883,9897,766,This is bio of user609,Creator
user610,64589,2031,464,This is bio of user610,Creator
user611,34156,8221,373,This is bio of user611,Creator
user612,18693,1994,350,This is bio of user612,Creator
user613,64064,5009,528,This is bio of user613,Business
user614,33003,273,651,This is bio of user614,Personal
user615,71420,1801,91,This is bio of user615,Creator
user616,35389,400,157,This is bio of user616,Creator
user617,26017,4792,406,This is bio of user617,Personal
user618,43979,9242,749,This is bio of user618,Personal
user619,72262,1173,39,This is bio of user619,Creator
user620,49424,690,762,This is bio of user620,Creator
user621,68961,1892,68,This is bio of user621,Business
user622,46733,8941,931,This is bio of user622,Creator
user623,50547,844,242,This is bio of user623,Personal
user624,60959,2327,472,This is bio of user624,Personal
user625,97261,9705,619,This is bio of user625,Creator
user626,2882,9173,995,This is bio of user626,Personal
user627,66862,9980,113,This is bio of user627,Personal
user628,97519,7297,551,This is bio of user628,Business
user629,1419,2314,993,This is bio of user629,Personal
user630,26878,3278,81,This is bio of user630,Creator
user631,2183,6988,394,This is bio of user631,Personal
user632,12457,3315,647,This is bio of user632,Personal
user633,91887,7929,370,This is bio of user633,Creator
user634,76466,7948,424,This is bio of user634,Personal
user635,43622,1293,773,This is bio of user635,Creator
user636,61595,550,198,This is bio of user636,Creator
user637,98111,3204,465,This is bio of user637,Business
user638,90030,5807,554,This is bio of user638,Creator
user639,9892,6890,886,This is bio of user639,Creator
user640,92651,824,814,This is bio of user640,Personal
user641,21642,5271,780,This is bio of user641,Business
user642,29603,4426,556,This is bio of user642,Business
user643,95099,4359,469,This is bio of user643,Personal
user644,62296,9204,171,This is bio of user644,Creator
user645,49086,3379,189,This is bio of user645,Creator
user646,43389,925,397,This is bio of user646,Business
user647,17432,2555,903,This is bio of user647,Business
user648,38253,2458,771,This is bio of user648,Creator
user649,93141,627,10,This is bio of user649,Creator
user650,97004,8466,600,This is bio of user650,Creator
user651,43859,3392,947,This is bio of user651,Business
user652,26808,5118,262,This is bio of user652,Creator
user653,74965,6871,927,This is bio of user653,Business
user654,38916,8279,221,This is bio of user654,Business
user655,66175,6333,725,This is bio of user655,Creator
user656,52294,5883,731,This is bio of user656,Personal
user657,41767,8481,580,This is bio of user657,Business
user658,82669,9460,482,This is bio of user658,Business
user659,24362,171,226,This is bio of user659,Creator
user660,37472,3919,360,This is bio of user660,Business
user661,11376,9542,518,This is bio of user661,Personal
user662,3900,8217,154,This is bio of user662,Creator
user663,54497,9114,435,This is bio of user663,Business
user664,83141,4261,272,This is bio of user664,Business
user665,41356,7598,442,This is bio of user665,Personal
user666,81827,3582,393,This is bio of user666,Personal
user667,22865,4685,909,This is bio of user667,Creator
user668,13927,6393,786,This is bio of user668,Business
user669,77690,4181,979,This is bio of user669,Personal
user670,24809,9883,888,This is bio of user670,Business
user671,35498,903,158,This is bio of user671,Personal
user672,80010,6272,289,This is bio of user672,Creator
user673,68758,8995,157,This is bio of user673,Personal
user674,33028,7381,761,This is bio of user674,Business
user675,6191,7512,636,This is bio of user675,Creator
user676,18061,3253,250,This is bio of user676,Creator
user677,41587,8883,52,This is bio of user677,Business
user678,4282,307,216,This is bio of user678,Creator
user679,12857,3890,130,This is bio of user679,Business
user680,50239,5215,397,This is bio of user680,Personal
user681,32677,6168,850,This is bio of user681,Creator
user682,773,727,123,This is bio of user682,Personal
user683,21802,2823,279,This is bio of user683,Personal
user684,38472,1762,845,This is bio of user684,Business
user685,89560,9257,375,This is bio of user685,Creator
user686,36729,9200,118,This is bio of user686,Creator
user687,73067,4291,576,This is bio of user687,Business
user688,51913,2715,924,This is bio of user688,Personal
user689,64547,9533,771,This is bio of user689,Personal
user690,27342,3195,301,This is bio of user690,Personal
user691,62210,4170,995,This is bio of user691,Creator
user692,69633,8309,970,This is bio of user692,Business
user693,81952,4722,364,This is bio of user693,Business
user694,21891,9749,597,This is bio of user694,Business
user695,85802,6783,726,This is bio of user695,Business
user696,10794,2020,288,This is bio of user696,Creator
user697,22054,361,310,This is bio of user697,Creator
user698,50767,7408,180,This is bio of user698,Creator
user699,6374,9896,341,This is bio of user699,Personal
user700,741,8006,887,This is bio of user700,Personal
user701,98343,836,946,This is bio of user701,Personal
user702,78017,2352,29,This is bio of user702,Personal
user703,36381,3418,826,This is bio of user703,Creator
user704,56418,8330,144,This is bio of user704,Creator
user705,71259,8735,970,This is bio of user705,Business
user706,92854,8749,113,This is bio of user706,Personal
user707,56872,1873,829,This is bio of user707,Personal
user708,56263,7060,683,This is bio of user708,Business
user709,30990,3317,305,This is bio of user709,Creator
user710,24940,2982,782,This is bio of user710,Creator
user711,49378,3739,766,This is bio of user711,Personal
user712,22016,2280,833,This is bio of user712,Creator
user713,18699,6496,89,This is bio of user713,Personal
user714,52881,6432,216,This is bio of user714,Personal
user715,98575,2211,718,This is bio of user715,Creator
user716,55735,3112,545,This is bio of user716,Business
user717,92555,4561,939,This is bio of user717,Business
user718,11965,3891,525,This is bio of user718,Business
user719,64005,6118,614,This is bio of user719,Personal
user720,61797,9486,81,This is bio of user720,Personal
user721,73686,3018,979,This is bio of user721,Creator
user722,16153,6575,908,This is bio of user722,Business
user723,13232,9498,65,This is bio of user723,Creator
user724,95335,2395,674,This is bio of user724,Personal
user725,80905,6806,598,This is bio of user725,Personal
user726,9732,2755,997,This is bio of user726,Creator
user727,55633,3186,373,This is bio of user727,Personal
user728,3837,1166,872,This is bio of user728,Creator
user729,95003,3255,372,This is bio of user729,Business
user730,22027,282,203,This is bio of user730,Creator
user731,26392,1417,962,This is bio of user731,Business
user732,99817,7049,485,This is bio of user732,Creator
user733,33425,7049,539,This is bio of user733,Business
user734,97927,8616,601,This is bio of user734,Business
user735,30906,1190,276,This is bio of user735,Personal
user736,48736,1984,330,This is bio of user736,Creator
user737,75270,8969,164,This is bio of user737,Personal
user738,91650,7788,538,This is bio of user738,Business
user739,19056,8979,281,This is bio of user739,Business
user740,94864,1939,398,This is bio of user740,Business
user741,97484,801,859,This is bio of user741,Personal
user742,99117,7135,844,This is bio of user742,Personal
user743,74439,1104,886,This is bio of user743,Creator
user744,34294,1397,870,This is bio of user744,Creator
user745,38244,7754,770,This is bio of user745,Personal
user746,80468,7873,967,This is bio of user746,Business
user747,5204,2678,752,This is bio of user747,Creator
user748,4639,7194,208,This is bio of user748,Business
user749,51219,2690,550,This is bio of user749,Business
user750,58830,3321,859,This is bio of user750,Personal
user751,58559,1870,253,This is bio of user751,Creator
user752,65219,4479,262,This is bio of user752,Creator
user753,50493,594,842,This is bio of user753,Personal
user754,54258,2177,989,This is bio of user754,Personal
user755,5253,7748,386,This is bio of user755,Creator
user756,41100,4292,517,This is bio of user756,Business
user757,94156,1397,828,This is bio of user757,Business
user758,93621,8368,954,This is bio of user758,Business
user759,95594,3390,291,This is bio of user759,Creator
user760,67330,880,360,This is bio of user760,Creator
user761,46595,7265,17,This is bio of user761,Creator
user762,41270,9608,846,This is bio of user762,Personal
user763,56021,4185,829,This is bio of user763,Personal
user764,36225,7713,51,This is bio of user764,Creator
user765,59723,4268,862,This is bio of user765,Personal
user766,1406,9152,941,This is bio of user766,Personal
user767,55471,5015,50,This is bio of user767,Personal
user768,34001,6784,444,This is bio of user768,Business
user769,64207,1159,814,This is bio of user769,Creator
user770,57918,4540,68,This is bio of user770,Creator
user771,10510,7644,613,This is bio of user771,Creator
user772,71966,5736,296,This is bio of user772,Creator
user773,5904,554,936,This is bio of user773,Creator
user774,75664,5714,510,This is bio of user774,Business
user775,57606,3811,665,This is bio of user775,Business
user776,24545,1628,359,This is bio of user776,Creator
user777,65127,428,648,This is bio of user777,Business
user778,41451,1119,932,This is bio of user778,Creator
user779,29649,5329,834,This is bio of user779,Business
user780,73223,4681,702,This is bio of user780,Creator
user781,22695,8644,451,This is bio of user781,Creator
user782,46632,8071,98,This is bio of user782,Business
user783,12191,8371,626,This is bio of user783,Personal
user784,72221,2007,427,This is bio of user784,Personal
user785,81546,3450,533,This is bio of user785,Creator
user786,32797,1200,776,This is bio of user786,Business
user787,72824,8478,929,This is bio of user787,Creator
user788,48652,1050,743,This is bio of user788,Personal
user789,83171,9247,218,This is bio of user789,Business
user790,21562,2714,493,This is bio of user790,Creator
user791,51746,7941,326,This is bio of user791,Business
user792,98311,2449,842,This is bio of user792,Creator
user793,9991,5123,365,This is bio of user793,Personal
user794,77623,978,167,This is bio of user794,Personal
user795,3254,4972,445,This is bio of user795,Personal
user796,10835,7726,658,This is bio of user796,Business
user797,61307,5329,227,This is bio of user797,Personal
user798,22522,6683,943,This is bio of user798,Personal
user799,46726,2444,347,This is bio of user799,Creator
user800,54823,9282,830,This is bio of user800,Creator
user801,19094,906,774,This is bio of user801,Creator
user802,75783,1721,15,This is bio of user802,Personal
user803,58104,8212,876,This is bio of user803,Creator
user804,53238,2414,322,This is bio of user804,Business
user805,92786,4898,542,This is bio of user805,Personal
user806,52456,1753,228,This is bio of user806,Creator
user807,35264,944,474,This is bio of user807,Business
user808,90415,2510,185,This is bio of user808,Creator
user809,87413,4862,899,This is bio of user809,Business
user810,90497,8353,786,This is bio of user810,Personal
user811,97348,2561,120,This is bio of user811,Creator
user812,70860,65,928,This is bio of user812,Creator
user813,8913,1998,916,This is bio of user813,Business
user814,56051,1057,805,This is bio of user814,Personal
user815,63444,3481,903,This is bio of user815,Creator
user816,26976,3597,82,This is bio of user816,Creator
user817,92792,8504,96,This is bio of user817,Creator
user818,58605,6201,1000,This is bio of user818,Personal
user819,55244,4716,277,This is bio of user819,Creator
user820,36600,3146,746,This is bio of user820,Personal
user821,16450,8035,382,This is bio of user821,Creator
user822,69699,1016,452,This is bio of user822,Personal
user823,38702,6935,882,This is bio of user823,Business
user824,72236,7290,657,This is bio of user824,Business
user825,50324,2857,176,This is bio of user825,Business
user826,82445,2284,507,This is bio of user826,Business
user827,40095,5775,518,This is bio of user827,Business
user828,5083,4152,391,This is bio of user828,Creator
user829,1377,9036,699,This is bio of user829,Business
user830,78886,370,845,This is bio of user830,Personal
user831,90107,377,565,This is bio of user831,Business
user832,16830,3260,189,This is bio of user832,Creator
user833,1208,7650,403,This is bio of user833,Creator
user834,29928,4326,585,This is bio of user834,Personal
user835,16718,5227,346,This is bio of user835,Business
user836,76649,1927,230,This is bio of user836,Personal
user837,97586,2721,101,This is bio of user837,Creator
user838,39615,4706,858,This is bio of user838,Creator
user839,71443,2650,674,This is bio of user839,Creator
user840,73311,1517,755,This is bio of user840,Creator
user841,34096,2858,784,This is bio of user841,Creator
user842,63012,3280,734,This is bio of user842,Creator
user843,32528,1234,421,This is bio of user843,Business
user844,64477,8987,238,This is bio of user844,Business
user845,31714,6420,371,This is bio of user845,Creator
user846,70256,6651,987,This is bio of user846,Personal
user847,91029,3950,681,This is bio of user847,Business
user848,87308,5763,215,This is bio of user848,Personal
user849,75174,5308,174,This is bio of user849,Creator
user850,10966,6819,338,This is bio of user850,Business
user851,36780,1692,908,This is bio of user851,Business
user852,84601,4402,506,This is bio of user852,Creator
user853,94258,5980,139,This is bio of user853,Creator
user854,16854,9611,559,This is bio of user854,Personal
user855,53688,4447,690,This is bio of user855,Personal
user856,32046,5259,173,This is bio of user856,Personal
user857,13431,3747,805,This is bio of user857,Business
user858,84777,4993,321,This is bio of user858,Personal
user859,88676,5758,519,This is bio of user859,Creator
user860,94197,4275,925,This is bio of user860,Business
user861,78657,8162,8,This is bio of user861,Business
user862,26912,3601,818,This is bio of user862,Personal
user863,68980,8796,138,This is bio of user863,Creator
user864,3572,5636,968,This is bio of user864,Personal
user865,59736,4608,633,This is bio of user865,Business
user866,53580,4533,889,This is bio of user866,Personal
user867,61034,6342,842,This is bio of user867,Creator
user868,45494,2134,533,This is bio of user868,Business
user869,63747,1759,493,This is bio of user869,Creator
user870,43888,4938,513,This is bio of user870,Creator
user871,84431,5539,9,This is bio of user871,Creator
user872,26443,3691,89,This is bio of user872,Business
user873,79203,3751,341,This is bio of user873,Business
user874,54457,5271,656,This is bio of user874,Creator
user875,71995,9522,846,This is bio of user875,Creator
user876,6629,1656,411,This is bio of user876,Creator
user877,86905,1604,533,This is bio of user877,Business
user878,16388,7610,450,This is bio of user878,Creator
user879,13729,9877,979,This is bio of user879,Creator
user880,27890,6745,521,This is bio of user880,Business
user881,59228,7784,759,This is bio of user881,Business
user882,20568,1177,174,This is bio of user882,Business
user883,36368,9934,769,This is bio of user883,Personal
user884,57954,4671,125,This is bio of user884,Personal
user885,81563,6069,915,This is bio of user885,Creator
user886,10805,90,136,This is bio of user886,Creator
user887,48406,6695,763,This is bio of user887,Creator
user888,59941,2867,757,This is bio of user888,Personal
user889,47876,7372,399,This is bio of user889,Business
user890,42700,7669,397,This is bio of user890,Creator
user891,43452,4114,167,This is bio of user891,Creator
user892,46965,6033,991,This is bio of user892,Business
user893,71918,4817,435,This is bio of user893,Business
user894,76086,9479,382,This is bio of user894,Personal
user895,76247,8290,14,This is bio of user895,Creator
user896,99140,782,183,This is bio of user896,Creator
user897,97152,6814,346,This is bio of user897,Creator
user898,35861,1999,957,This is bio of user898,Business
user899,48585,9194,60,This is bio of user899,Personal
user900,9249,180,251,This is bio of user900,Personal
user901,77699,7732,429,This is bio of user901,Business
user902,40657,2453,605,This is bio of user902,Personal
user903,23756,5122,230,This is bio of user903,Business
user904,21089,8739,863,This is bio of user904,Creator
user905,59748,108,357,This is bio of user905,Business
user906,77840,3852,36,This is bio of user906,Personal
user907,55741,4983,605,This is bio of user907,Personal
user908,78732,1977,231,This is bio of user908,Business
user909,77376,8290,138,This is bio of user909,Business
user910,12939,1863,297,This is bio of user910,Personal
user911,25338,7330,820,This is bio of user911,Personal
user912,21216,8660,189,This is bio of user912,Business
user913,34172,6121,401,This is bio of user913,Creator
user914,36046,3208,145,This is bio of user914,Personal
user915,48254,3335,966,This is bio of user915,Creator
user916,84940,5062,902,This is bio of user916,Business
user917,68102,2517,277,This is bio of user917,Personal
user918,89936,6901,797,This is bio of user918,Personal
user919,25048,1726,512,This is bio of user919,Business
user920,99197,74,898,This is bio of user920,Business
user921,91394,6840,568,This is bio of user921,Creator
user922,71017,210,250,This is bio of user922,Personal
user923,62934,5094,427,This is bio of user923,Personal
user924,27591,1535,463,This is bio of user924,Business
user925,31993,5337,813,This is bio of user925,Business
user926,84176,2839,52,This is bio of user926,Business
user927,82349,3036,507,This is bio of user927,Creator
user928,70054,3972,384,This is bio of user928,Business
user929,28871,4624,18,This is bio of user929,Creator
user930,85303,2754,100,This is bio of user930,Business
user931,88714,8152,661,This is bio of user931,Creator
user932,87138,855,609,This is bio of user932,Creator
user933,50682,3348,276,This is bio of user933,Creator
user934,44638,6110,431,This is bio of user934,Personal
user935,14315,4271,137,This is bio of user935,Personal
user936,86529,657,505,This is bio of user936,Creator
user937,26164,276,55,This is bio of user937,Creator
user938,26329,5329,267,This is bio of user938,Personal
user939,96066,3582,600,This is bio of user939,Personal
user940,43366,7412,519,This is bio of user940,Personal
user941,9152,5343,455,This is bio of user941,Personal
user942,55862,9519,180,This is bio of user942,Business
user943,44096,4124,544,This is bio of user943,Personal
user944,21773,610,336,This is bio of user944,Creator
user945,26426,8416,664,This is bio of user945,Creator
user946,6996,5748,354,This is bio of user946,Personal
user947,82714,7441,42,This is bio of user947,Personal
user948,84645,5830,108,This is bio of user948,Creator
user949,54307,5970,45,This is bio of user949,Creator
user950,82165,2156,753,This is bio of user950,Business
user951,97960,5239,819,This is bio of user951,Creator
user952,93118,283,853,This is bio of user952,Personal
user953,95097,6269,994,This is bio of user953,Business
user954,28773,2579,281,This is bio of user954,Creator
user955,21936,3158,530,This is bio of user955,Creator
user956,16877,7633,347,This is bio of user956,Creator
user957,97475,910,380,This is bio of user957,Personal
user958,64693,8170,926,This is bio of user958,Creator
user959,75777,5172,53,This is bio of user959,Creator
user960,20368,8791,564,This is bio of user960,Business
user961,47470,1314,159,This is bio of user961,Business
user962,625,8375,362,This is bio of user962,Creator
user963,51547,6239,342,This is bio of user963,Personal
user964,98780,8896,383,This is bio of user964,Personal
user965,40115,4174,908,This is bio of user965,Creator
user966,12003,3483,145,This is bio of user966,Creator
user967,49315,3156,791,This is bio of user967,Creator
user968,88060,8792,959,This is bio of user968,Creator
user969,53352,157,610,This is bio of user969,Creator
user970,39663,5924,743,This is bio of user970,Business
user971,67826,7662,315,This is bio of user971,Business
user972,28267,3681,539,This is bio of user972,Personal
user973,29328,9518,85,This is bio of user973,Creator
user974,1299,1582,407,This is bio of user974,Personal
user975,44161,6666,509,This is bio of user975,Personal
user976,3212,8170,281,This is bio of user976,Personal
user977,991,3070,63,This is bio of user977,Personal
user978,90493,6816,99,This is bio of user978,Creator
user979,17471,6522,514,This is bio of user979,Personal
user980,83378,7079,178,This is bio of user980,Business
user981,59414,2751,309,This is bio of user981,Creator
user982,45342,5357,737,This is bio of user982,Creator
user983,54576,5257,67,This is bio of user983,Creator
user984,34323,4348,253,This is bio of user984,Personal
user985,85691,5307,489,This is bio of user985,Business
user986,45443,8504,661,This is bio of user986,Business
user987,73692,8399,492,This is bio of user987,Business
user988,22895,3363,381,This is bio of user988,Business
user989,76568,6170,257,This is bio of user989,Creator
user990,23231,8096,874,This is bio of user990,Business
user991,62383,1249,230,This is bio of user991,Business
user992,19615,1877,409,This is bio of user992,Personal
user993,86899,9147,90,This is bio of user993,Personal
user994,53743,8252,891,This is bio of user994,Business
user995,42030,703,347,This is bio of user995,Creator
user996,98629,8818,418,This is bio of user996,Personal
user997,7724,3018,216,This is bio of user997,Business
user998,81337,2955,779,This is bio of user998,Personal
user999,52167,6964,350,This is bio of user999,Creator
user1000,72353,5946,123,This is bio of user1000,Personal
