Username,Followers,Following,Posts,Bio,Account_Type,Account_Created_Time,Time
user274,194,9511,52,This is bio of user274,Personal,18:04:57,1900-01-01 18:04:57
user113,417,6863,262,This is bio of user113,Business,22:20:33,1900-01-01 22:20:33
user962,625,8375,362,This is bio of user962,Creator,11:31:44,1900-01-01 11:31:44
user700,741,8006,887,This is bio of user700,Personal,17:22:51,1900-01-01 17:22:51
user682,773,727,123,This is bio of user682,Personal,04:54:15,1900-01-01 04:54:15
user539,819,5563,590,This is bio of user539,Personal,10:24:58,1900-01-01 10:24:58
user977,991,3070,63,This is bio of user977,Personal,07:58:06,1900-01-01 07:58:06
user349,1207,2683,667,This is bio of user349,Personal,08:30:50,1900-01-01 08:30:50
user833,1208,7650,403,This is bio of user833,Creator,19:28:52,1900-01-01 19:28:52
user48,1215,2200,843,This is bio of user48,Creator,04:41:23,1900-01-01 04:41:23
user974,1299,1582,407,This is bio of user974,Personal,23:57:13,1900-01-01 23:57:13
user829,1377,9036,699,This is bio of user829,Business,11:27:57,1900-01-01 11:27:57
user766,1406,9152,941,This is bio of user766,Personal,11:51:52,1900-01-01 11:51:52
user629,1419,2314,993,This is bio of user629,Personal,01:59:09,1900-01-01 01:59:09
user382,1576,8082,259,This is bio of user382,Personal,06:37:31,1900-01-01 06:37:31
user608,1888,2958,703,This is bio of user608,Personal,15:02:32,1900-01-01 15:02:32
user257,1946,4167,336,This is bio of user257,Creator,19:33:31,1900-01-01 19:33:31
user631,2183,6988,394,This is bio of user631,Personal,12:22:50,1900-01-01 12:22:50
user204,2602,4400,233,This is bio of user204,Business,23:40:07,1900-01-01 23:40:07
user223,2754,5334,429,This is bio of user223,Creator,11:02:18,1900-01-01 11:02:18
user408,2878,811,410,This is bio of user408,Creator,20:22:14,1900-01-01 20:22:14
user626,2882,9173,995,This is bio of user626,Personal,13:47:33,1900-01-01 13:47:33
user565,2892,339,782,This is bio of user565,Personal,19:22:32,1900-01-01 19:22:32
user333,2926,7972,490,This is bio of user333,Business,03:12:49,1900-01-01 03:12:49
user67,3026,512,363,This is bio of user67,Personal,01:04:38,1900-01-01 01:04:38
user341,3066,8103,184,This is bio of user341,Business,18:54:10,1900-01-01 18:54:10
user576,3070,3142,116,This is bio of user576,Personal,06:53:26,1900-01-01 06:53:26
user548,3157,9058,973,This is bio of user548,Personal,05:11:41,1900-01-01 05:11:41
user976,3212,8170,281,This is bio of user976,Personal,14:36:46,1900-01-01 14:36:46
user316,3214,7054,499,This is bio of user316,Business,18:16:32,1900-01-01 18:16:32
user795,3254,4972,445,This is bio of user795,Personal,00:01:16,1900-01-01 00:01:16
user121,3289,1073,449,This is bio of user121,Creator,09:01:45,1900-01-01 09:01:45
user183,3422,3126,952,This is bio of user183,Personal,12:22:23,1900-01-01 12:22:23
user864,3572,5636,968,This is bio of user864,Personal,21:14:55,1900-01-01 21:14:55
user449,3811,658,276,This is bio of user449,Creator,11:20:42,1900-01-01 11:20:42
user728,3837,1166,872,This is bio of user728,Creator,20:50:37,1900-01-01 20:50:37
user244,3896,1630,320,This is bio of user244,Business,05:51:31,1900-01-01 05:51:31
user662,3900,8217,154,This is bio of user662,Creator,23:59:17,1900-01-01 23:59:17
user335,3973,9804,544,This is bio of user335,Business,17:10:13,1900-01-01 17:10:13
user433,4083,4901,546,This is bio of user433,Creator,15:58:57,1900-01-01 15:58:57
user323,4084,126,932,This is bio of user323,Business,07:42:04,1900-01-01 07:42:04
user293,4221,1940,439,This is bio of user293,Business,15:10:52,1900-01-01 15:10:52
user547,4245,9447,734,This is bio of user547,Personal,20:43:09,1900-01-01 20:43:09
user678,4282,307,216,This is bio of user678,Creator,01:35:39,1900-01-01 01:35:39
user485,4477,7880,147,This is bio of user485,Personal,18:50:41,1900-01-01 18:50:41
user69,4502,7266,170,This is bio of user69,Creator,09:07:11,1900-01-01 09:07:11
user748,4639,7194,208,This is bio of user748,Business,11:29:23,1900-01-01 11:29:23
user491,4730,8218,899,This is bio of user491,Personal,00:57:50,1900-01-01 00:57:50
user828,5083,4152,391,This is bio of user828,Creator,06:20:43,1900-01-01 06:20:43
user59,5092,8215,398,This is bio of user59,Business,13:23:31,1900-01-01 13:23:31
user747,5204,2678,752,This is bio of user747,Creator,18:15:42,1900-01-01 18:15:42
user755,5253,7748,386,This is bio of user755,Creator,06:13:02,1900-01-01 06:13:02
user546,5254,8974,115,This is bio of user546,Creator,21:44:12,1900-01-01 21:44:12
user201,5262,6062,201,This is bio of user201,Business,01:33:41,1900-01-01 01:33:41
user236,5328,9027,279,This is bio of user236,Personal,17:09:55,1900-01-01 17:09:55
user471,5376,669,343,This is bio of user471,Creator,17:59:11,1900-01-01 17:59:11
user324,5728,2645,77,This is bio of user324,Creator,19:32:16,1900-01-01 19:32:16
user487,5828,4123,997,This is bio of user487,Personal,02:39:16,1900-01-01 02:39:16
user773,5904,554,936,This is bio of user773,Creator,04:59:55,1900-01-01 04:59:55
user186,5930,636,900,This is bio of user186,Business,12:37:28,1900-01-01 12:37:28
user675,6191,7512,636,This is bio of user675,Creator,20:46:18,1900-01-01 20:46:18
user84,6253,7429,729,This is bio of user84,Business,02:55:10,1900-01-01 02:55:10
user699,6374,9896,341,This is bio of user699,Personal,19:14:45,1900-01-01 19:14:45
user876,6629,1656,411,This is bio of user876,Creator,11:33:36,1900-01-01 11:33:36
user386,6759,8372,156,This is bio of user386,Business,20:16:53,1900-01-01 20:16:53
user133,6764,405,20,This is bio of user133,Business,02:36:18,1900-01-01 02:36:18
user273,6907,3039,598,This is bio of user273,Personal,02:14:15,1900-01-01 02:14:15
user946,6996,5748,354,This is bio of user946,Personal,06:15:39,1900-01-01 06:15:39
user556,7049,6303,131,This is bio of user556,Creator,07:19:29,1900-01-01 07:19:29
user221,7212,6773,703,This is bio of user221,Business,21:36:24,1900-01-01 21:36:24
user128,7256,1996,360,This is bio of user128,Business,01:42:03,1900-01-01 01:42:03
user528,7289,3675,771,This is bio of user528,Business,02:26:03,1900-01-01 02:26:03
user997,7724,3018,216,This is bio of user997,Business,02:53:07,1900-01-01 02:53:07
user563,7952,546,803,This is bio of user563,Business,20:38:48,1900-01-01 20:38:48
user413,8207,6499,392,This is bio of user413,Creator,06:52:51,1900-01-01 06:52:51
user150,8523,937,722,This is bio of user150,Business,03:40:29,1900-01-01 03:40:29
user205,8770,5584,742,This is bio of user205,Personal,08:01:34,1900-01-01 08:01:34
user557,8866,550,161,This is bio of user557,Business,21:41:25,1900-01-01 21:41:25
user813,8913,1998,916,This is bio of user813,Business,13:37:32,1900-01-01 13:37:32
user599,8919,460,701,This is bio of user599,Creator,12:08:13,1900-01-01 12:08:13
user388,9029,3356,656,This is bio of user388,Personal,23:00:57,1900-01-01 23:00:57
user489,9071,5337,271,This is bio of user489,Personal,00:54:47,1900-01-01 00:54:47
user20,9089,90,377,This is bio of user20,Personal,19:19:31,1900-01-01 19:19:31
user941,9152,5343,455,This is bio of user941,Personal,12:04:57,1900-01-01 12:04:57
user900,9249,180,251,This is bio of user900,Personal,07:19:09,1900-01-01 07:19:09
user109,9297,2391,223,This is bio of user109,Personal,15:14:45,1900-01-01 15:14:45
user461,9317,5797,323,This is bio of user461,Personal,11:53:39,1900-01-01 11:53:39
user478,9360,2695,120,This is bio of user478,Personal,01:08:29,1900-01-01 01:08:29
user320,9421,9505,905,This is bio of user320,Creator,00:57:35,1900-01-01 00:57:35
user47,9612,3152,307,This is bio of user47,Personal,14:46:40,1900-01-01 14:46:40
user6,9711,2117,479,This is bio of user6,Personal,09:18:39,1900-01-01 09:18:39
user726,9732,2755,997,This is bio of user726,Creator,17:35:22,1900-01-01 17:35:22
user639,9892,6890,886,This is bio of user639,Creator,00:24:32,1900-01-01 00:24:32
user287,9917,6883,604,This is bio of user287,Personal,03:09:53,1900-01-01 03:09:53
user793,9991,5123,365,This is bio of user793,Personal,12:36:11,1900-01-01 12:36:11
user144,10194,4423,203,This is bio of user144,Business,12:51:38,1900-01-01 12:51:38
user420,10281,7709,43,This is bio of user420,Business,12:49:27,1900-01-01 12:49:27
user343,10334,4419,492,This is bio of user343,Business,09:13:13,1900-01-01 09:13:13
user506,10455,9037,196,This is bio of user506,Business,01:06:34,1900-01-01 01:06:34
user771,10510,7644,613,This is bio of user771,Creator,17:26:14,1900-01-01 17:26:14
user254,10615,2037,176,This is bio of user254,Business,07:10:36,1900-01-01 07:10:36
user266,10619,5792,102,This is bio of user266,Personal,08:49:28,1900-01-01 08:49:28
user696,10794,2020,288,This is bio of user696,Creator,00:22:08,1900-01-01 00:22:08
user886,10805,90,136,This is bio of user886,Creator,23:14:45,1900-01-01 23:14:45
user796,10835,7726,658,This is bio of user796,Business,04:55:41,1900-01-01 04:55:41
user249,10885,7098,112,This is bio of user249,Personal,23:58:40,1900-01-01 23:58:40
user850,10966,6819,338,This is bio of user850,Business,05:53:11,1900-01-01 05:53:11
user199,10987,1341,866,This is bio of user199,Personal,07:44:39,1900-01-01 07:44:39
user82,10997,9654,248,This is bio of user82,Business,00:01:28,1900-01-01 00:01:28
user512,11015,1700,27,This is bio of user512,Business,19:50:42,1900-01-01 19:50:42
user282,11052,7980,503,This is bio of user282,Personal,03:42:05,1900-01-01 03:42:05
user214,11268,8478,370,This is bio of user214,Personal,12:16:06,1900-01-01 12:16:06
user661,11376,9542,518,This is bio of user661,Personal,22:54:56,1900-01-01 22:54:56
user130,11717,404,484,This is bio of user130,Business,01:52:13,1900-01-01 01:52:13
user718,11965,3891,525,This is bio of user718,Business,09:15:55,1900-01-01 09:15:55
user966,12003,3483,145,This is bio of user966,Creator,10:13:37,1900-01-01 10:13:37
user450,12125,7551,379,This is bio of user450,Business,13:15:38,1900-01-01 13:15:38
user783,12191,8371,626,This is bio of user783,Personal,16:45:33,1900-01-01 16:45:33
user196,12380,1562,311,This is bio of user196,Business,08:22:18,1900-01-01 08:22:18
user174,12453,600,852,This is bio of user174,Business,05:20:33,1900-01-01 05:20:33
user632,12457,3315,647,This is bio of user632,Personal,12:19:55,1900-01-01 12:19:55
user598,12571,1958,840,This is bio of user598,Creator,01:47:13,1900-01-01 01:47:13
user310,12580,8758,947,This is bio of user310,Creator,18:34:30,1900-01-01 18:34:30
user679,12857,3890,130,This is bio of user679,Business,17:30:24,1900-01-01 17:30:24
user910,12939,1863,297,This is bio of user910,Personal,14:10:02,1900-01-01 14:10:02
user723,13232,9498,65,This is bio of user723,Creator,23:55:50,1900-01-01 23:55:50
user579,13338,3480,949,This is bio of user579,Creator,18:12:22,1900-01-01 18:12:22
user102,13383,9828,515,This is bio of user102,Business,23:48:34,1900-01-01 23:48:34
user857,13431,3747,805,This is bio of user857,Business,08:37:36,1900-01-01 08:37:36
user484,13486,1296,526,This is bio of user484,Business,02:32:34,1900-01-01 02:32:34
user169,13631,7914,384,This is bio of user169,Personal,20:06:23,1900-01-01 20:06:23
user590,13657,777,579,This is bio of user590,Business,11:57:49,1900-01-01 11:57:49
user879,13729,9877,979,This is bio of user879,Creator,13:05:55,1900-01-01 13:05:55
user668,13927,6393,786,This is bio of user668,Business,17:47:08,1900-01-01 17:47:08
user217,14144,7383,931,This is bio of user217,Creator,11:50:51,1900-01-01 11:50:51
user472,14149,3374,135,This is bio of user472,Creator,21:34:24,1900-01-01 21:34:24
user520,14285,7422,77,This is bio of user520,Business,18:14:26,1900-01-01 18:14:26
user451,14313,302,937,This is bio of user451,Business,19:32:35,1900-01-01 19:32:35
user935,14315,4271,137,This is bio of user935,Personal,20:08:03,1900-01-01 20:08:03
user171,14340,7593,734,This is bio of user171,Personal,10:40:23,1900-01-01 10:40:23
user3,14668,7993,71,This is bio of user3,Creator,03:06:36,1900-01-01 03:06:36
user526,14932,3884,592,This is bio of user526,Personal,09:31:25,1900-01-01 09:31:25
user114,15062,7829,643,This is bio of user114,Business,08:58:45,1900-01-01 08:58:45
user195,15077,3786,794,This is bio of user195,Creator,02:54:09,1900-01-01 02:54:09
user530,15107,4270,258,This is bio of user530,Business,17:02:19,1900-01-01 17:02:19
user334,15135,513,437,This is bio of user334,Business,11:31:21,1900-01-01 11:31:21
user385,15253,6438,33,This is bio of user385,Business,12:04:08,1900-01-01 12:04:08
user39,15510,9456,958,This is bio of user39,Personal,20:50:08,1900-01-01 20:50:08
user356,15699,7293,657,This is bio of user356,Creator,20:51:09,1900-01-01 20:51:09
user722,16153,6575,908,This is bio of user722,Business,10:39:17,1900-01-01 10:39:17
user13,16210,6303,325,This is bio of user13,Business,08:34:20,1900-01-01 08:34:20
user176,16219,5952,198,This is bio of user176,Personal,05:23:13,1900-01-01 05:23:13
user71,16306,9843,216,This is bio of user71,Creator,09:08:00,1900-01-01 09:08:00
user878,16388,7610,450,This is bio of user878,Creator,12:49:22,1900-01-01 12:49:22
user821,16450,8035,382,This is bio of user821,Creator,21:59:54,1900-01-01 21:59:54
user26,16647,4720,213,This is bio of user26,Business,16:37:45,1900-01-01 16:37:45
user835,16718,5227,346,This is bio of user835,Business,06:36:18,1900-01-01 06:36:18
user832,16830,3260,189,This is bio of user832,Creator,11:17:52,1900-01-01 11:17:52
user854,16854,9611,559,This is bio of user854,Personal,05:45:13,1900-01-01 05:45:13
user956,16877,7633,347,This is bio of user956,Creator,02:13:25,1900-01-01 02:13:25
user509,16879,1394,868,This is bio of user509,Business,20:35:16,1900-01-01 20:35:16
user497,17083,3979,638,This is bio of user497,Personal,17:49:52,1900-01-01 17:49:52
user50,17088,2949,460,This is bio of user50,Personal,20:01:16,1900-01-01 20:01:16
user593,17199,8126,946,This is bio of user593,Personal,00:23:55,1900-01-01 00:23:55
user647,17432,2555,903,This is bio of user647,Business,20:40:19,1900-01-01 20:40:19
user979,17471,6522,514,This is bio of user979,Personal,22:48:16,1900-01-01 22:48:16
user362,17513,2380,733,This is bio of user362,Personal,12:02:11,1900-01-01 12:02:11
user89,17542,1949,101,This is bio of user89,Creator,13:35:54,1900-01-01 13:35:54
user411,17544,3928,834,This is bio of user411,Personal,22:54:52,1900-01-01 22:54:52
user198,17758,1236,198,This is bio of user198,Business,09:45:26,1900-01-01 09:45:26
user600,17808,8097,838,This is bio of user600,Business,13:47:02,1900-01-01 13:47:02
user182,17857,7146,783,This is bio of user182,Personal,12:14:32,1900-01-01 12:14:32
user676,18061,3253,250,This is bio of user676,Creator,20:29:46,1900-01-01 20:29:46
user134,18104,1500,547,This is bio of user134,Business,20:23:37,1900-01-01 20:23:37
user70,18106,4683,762,This is bio of user70,Personal,22:46:09,1900-01-01 22:46:09
user24,18246,8569,276,This is bio of user24,Business,04:33:45,1900-01-01 04:33:45
user513,18447,2583,483,This is bio of user513,Creator,18:16:37,1900-01-01 18:16:37
user474,18635,4061,745,This is bio of user474,Creator,06:28:39,1900-01-01 06:28:39
user612,18693,1994,350,This is bio of user612,Creator,05:52:51,1900-01-01 05:52:51
user713,18699,6496,89,This is bio of user713,Personal,19:08:53,1900-01-01 19:08:53
user155,18815,6936,965,This is bio of user155,Business,23:22:26,1900-01-01 23:22:26
user739,19056,8979,281,This is bio of user739,Business,16:52:47,1900-01-01 16:52:47
user416,19081,4339,155,This is bio of user416,Business,08:22:32,1900-01-01 08:22:32
user801,19094,906,774,This is bio of user801,Creator,18:02:59,1900-01-01 18:02:59
user19,19122,8158,476,This is bio of user19,Creator,00:42:45,1900-01-01 00:42:45
user241,19169,9932,110,This is bio of user241,Personal,10:33:21,1900-01-01 10:33:21
user225,19182,4662,368,This is bio of user225,Creator,01:26:51,1900-01-01 01:26:51
user992,19615,1877,409,This is bio of user992,Personal,18:13:56,1900-01-01 18:13:56
user60,19625,1733,813,This is bio of user60,Business,11:46:43,1900-01-01 11:46:43
user16,19824,8540,132,This is bio of user16,Creator,05:29:44,1900-01-01 05:29:44
user305,19942,9983,446,This is bio of user305,Personal,07:18:55,1900-01-01 07:18:55
user432,20020,7008,464,This is bio of user432,Business,08:06:01,1900-01-01 08:06:01
user125,20196,7162,419,This is bio of user125,Business,02:50:14,1900-01-01 02:50:14
user403,20204,7248,691,This is bio of user403,Personal,07:53:34,1900-01-01 07:53:34
user227,20295,9660,607,This is bio of user227,Personal,12:09:03,1900-01-01 12:09:03
user352,20359,2565,22,This is bio of user352,Business,06:25:02,1900-01-01 06:25:02
user960,20368,8791,564,This is bio of user960,Business,01:59:37,1900-01-01 01:59:37
user74,20514,1643,26,This is bio of user74,Personal,19:16:14,1900-01-01 19:16:14
user465,20557,8174,778,This is bio of user465,Business,03:09:04,1900-01-01 03:09:04
user882,20568,1177,174,This is bio of user882,Business,09:45:19,1900-01-01 09:45:19
user538,20689,2653,740,This is bio of user538,Creator,16:23:02,1900-01-01 16:23:02
user252,20839,1279,314,This is bio of user252,Business,16:14:54,1900-01-01 16:14:54
user355,21009,7053,736,This is bio of user355,Personal,22:15:43,1900-01-01 22:15:43
user271,21066,9256,857,This is bio of user271,Personal,04:12:01,1900-01-01 04:12:01
user904,21089,8739,863,This is bio of user904,Creator,01:20:27,1900-01-01 01:20:27
user912,21216,8660,189,This is bio of user912,Business,05:41:39,1900-01-01 05:41:39
user127,21295,4165,893,This is bio of user127,Creator,19:02:00,1900-01-01 19:02:00
user219,21365,9214,265,This is bio of user219,Creator,20:53:47,1900-01-01 20:53:47
user192,21430,7092,469,This is bio of user192,Personal,21:04:05,1900-01-01 21:04:05
user426,21520,5080,568,This is bio of user426,Business,03:34:57,1900-01-01 03:34:57
user34,21551,7626,354,This is bio of user34,Creator,06:51:14,1900-01-01 06:51:14
user790,21562,2714,493,This is bio of user790,Creator,18:51:57,1900-01-01 18:51:57
user641,21642,5271,780,This is bio of user641,Business,00:23:19,1900-01-01 00:23:19
user281,21722,9270,591,This is bio of user281,Creator,19:13:42,1900-01-01 19:13:42
user944,21773,610,336,This is bio of user944,Creator,01:15:38,1900-01-01 01:15:38
user29,21780,8401,429,This is bio of user29,Business,09:51:05,1900-01-01 09:51:05
user683,21802,2823,279,This is bio of user683,Personal,06:23:20,1900-01-01 06:23:20
user694,21891,9749,597,This is bio of user694,Business,14:25:52,1900-01-01 14:25:52
user92,21903,4879,368,This is bio of user92,Business,15:37:55,1900-01-01 15:37:55
user955,21936,3158,530,This is bio of user955,Creator,20:36:04,1900-01-01 20:36:04
user583,21951,3552,448,This is bio of user583,Personal,16:35:48,1900-01-01 16:35:48
user193,21986,8048,640,This is bio of user193,Business,13:58:37,1900-01-01 13:58:37
user712,22016,2280,833,This is bio of user712,Creator,11:34:34,1900-01-01 11:34:34
user730,22027,282,203,This is bio of user730,Creator,12:02:42,1900-01-01 12:02:42
user697,22054,361,310,This is bio of user697,Creator,09:08:03,1900-01-01 09:08:03
user372,22056,5792,249,This is bio of user372,Business,08:00:01,1900-01-01 08:00:01
user541,22371,5626,572,This is bio of user541,Business,00:09:02,1900-01-01 00:09:02
user798,22522,6683,943,This is bio of user798,Personal,05:23:07,1900-01-01 05:23:07
user486,22615,2951,831,This is bio of user486,Business,01:14:13,1900-01-01 01:14:13
user482,22636,7235,150,This is bio of user482,Creator,06:58:23,1900-01-01 06:58:23
user781,22695,8644,451,This is bio of user781,Creator,21:17:41,1900-01-01 21:17:41
user543,22726,780,698,This is bio of user543,Business,01:27:55,1900-01-01 01:27:55
user61,22841,3844,935,This is bio of user61,Creator,10:48:24,1900-01-01 10:48:24
user667,22865,4685,909,This is bio of user667,Creator,08:40:58,1900-01-01 08:40:58
user32,22867,6450,794,This is bio of user32,Creator,17:22:01,1900-01-01 17:22:01
user988,22895,3363,381,This is bio of user988,Business,02:26:12,1900-01-01 02:26:12
user202,23170,1493,775,This is bio of user202,Creator,19:15:58,1900-01-01 19:15:58
user990,23231,8096,874,This is bio of user990,Business,14:26:59,1900-01-01 14:26:59
user383,23330,5710,836,This is bio of user383,Creator,05:48:42,1900-01-01 05:48:42
user30,23640,1172,29,This is bio of user30,Personal,07:34:10,1900-01-01 07:34:10
user903,23756,5122,230,This is bio of user903,Business,01:27:40,1900-01-01 01:27:40
user179,23909,7614,732,This is bio of user179,Business,14:10:46,1900-01-01 14:10:46
user469,24037,7533,718,This is bio of user469,Personal,22:27:09,1900-01-01 22:27:09
user308,24054,6585,652,This is bio of user308,Creator,01:40:25,1900-01-01 01:40:25
user659,24362,171,226,This is bio of user659,Creator,04:12:09,1900-01-01 04:12:09
user776,24545,1628,359,This is bio of user776,Creator,13:49:57,1900-01-01 13:49:57
user514,24549,2847,386,This is bio of user514,Personal,17:57:22,1900-01-01 17:57:22
user263,24716,360,473,This is bio of user263,Personal,13:19:17,1900-01-01 13:19:17
user670,24809,9883,888,This is bio of user670,Business,22:14:11,1900-01-01 22:14:11
user540,24916,7603,134,This is bio of user540,Personal,21:06:16,1900-01-01 21:06:16
user710,24940,2982,782,This is bio of user710,Creator,05:11:20,1900-01-01 05:11:20
user280,24950,6857,309,This is bio of user280,Personal,08:17:37,1900-01-01 08:17:37
user919,25048,1726,512,This is bio of user919,Business,08:38:10,1900-01-01 08:38:10
user592,25149,3297,519,This is bio of user592,Personal,19:57:23,1900-01-01 19:57:23
user52,25301,4131,301,This is bio of user52,Creator,03:18:17,1900-01-01 03:18:17
user911,25338,7330,820,This is bio of user911,Personal,03:36:50,1900-01-01 03:36:50
user278,25683,2399,90,This is bio of user278,Personal,21:05:28,1900-01-01 21:05:28
user25,25760,3712,521,This is bio of user25,Personal,15:35:19,1900-01-01 15:35:19
user493,26010,5030,785,This is bio of user493,Creator,16:04:59,1900-01-01 16:04:59
user617,26017,4792,406,This is bio of user617,Personal,13:45:37,1900-01-01 13:45:37
user268,26057,9109,949,This is bio of user268,Creator,22:14:10,1900-01-01 22:14:10
user937,26164,276,55,This is bio of user937,Creator,05:18:32,1900-01-01 05:18:32
user938,26329,5329,267,This is bio of user938,Personal,00:47:08,1900-01-01 00:47:08
user731,26392,1417,962,This is bio of user731,Business,10:06:13,1900-01-01 10:06:13
user945,26426,8416,664,This is bio of user945,Creator,23:01:14,1900-01-01 23:01:14
user872,26443,3691,89,This is bio of user872,Business,03:38:09,1900-01-01 03:38:09
user161,26808,2786,265,This is bio of user161,Business,07:40:03,1900-01-01 07:40:03
user652,26808,5118,262,This is bio of user652,Creator,21:11:26,1900-01-01 21:11:26
user180,26849,7062,829,This is bio of user180,Personal,14:18:09,1900-01-01 14:18:09
user630,26878,3278,81,This is bio of user630,Creator,02:26:03,1900-01-01 02:26:03
user862,26912,3601,818,This is bio of user862,Personal,18:50:00,1900-01-01 18:50:00
user816,26976,3597,82,This is bio of user816,Creator,06:33:20,1900-01-01 06:33:20
user317,26979,213,858,This is bio of user317,Personal,12:39:53,1900-01-01 12:39:53
user573,27034,4377,486,This is bio of user573,Business,09:53:54,1900-01-01 09:53:54
user283,27092,7937,434,This is bio of user283,Creator,03:52:25,1900-01-01 03:52:25
user690,27342,3195,301,This is bio of user690,Personal,18:44:59,1900-01-01 18:44:59
user488,27349,806,533,This is bio of user488,Business,14:51:25,1900-01-01 14:51:25
user369,27393,9619,799,This is bio of user369,Creator,19:45:54,1900-01-01 19:45:54
user277,27526,3389,409,This is bio of user277,Creator,22:47:14,1900-01-01 22:47:14
user329,27529,6309,343,This is bio of user329,Personal,22:36:54,1900-01-01 22:36:54
user924,27591,1535,463,This is bio of user924,Business,22:10:03,1900-01-01 22:10:03
user137,27736,8491,13,This is bio of user137,Personal,17:19:35,1900-01-01 17:19:35
user880,27890,6745,521,This is bio of user880,Business,05:48:38,1900-01-01 05:48:38
user400,28015,7041,492,This is bio of user400,Business,19:09:08,1900-01-01 19:09:08
user299,28222,2809,990,This is bio of user299,Business,01:44:36,1900-01-01 01:44:36
user972,28267,3681,539,This is bio of user972,Personal,22:03:53,1900-01-01 22:03:53
user401,28317,8819,906,This is bio of user401,Business,22:08:45,1900-01-01 22:08:45
user303,28721,5321,981,This is bio of user303,Creator,11:09:27,1900-01-01 11:09:27
user251,28721,449,704,This is bio of user251,Business,06:06:44,1900-01-01 06:06:44
user954,28773,2579,281,This is bio of user954,Creator,15:23:24,1900-01-01 15:23:24
user929,28871,4624,18,This is bio of user929,Creator,06:11:12,1900-01-01 06:11:12
user256,29155,7815,537,This is bio of user256,Personal,03:17:50,1900-01-01 03:17:50
user311,29300,8521,583,This is bio of user311,Creator,16:28:27,1900-01-01 16:28:27
user973,29328,9518,85,This is bio of user973,Creator,20:45:04,1900-01-01 20:45:04
user190,29367,1056,133,This is bio of user190,Business,06:56:26,1900-01-01 06:56:26
user375,29547,9852,889,This is bio of user375,Business,15:03:01,1900-01-01 15:03:01
user642,29603,4426,556,This is bio of user642,Business,08:53:15,1900-01-01 08:53:15
user442,29622,2196,223,This is bio of user442,Personal,05:47:44,1900-01-01 05:47:44
user779,29649,5329,834,This is bio of user779,Business,05:08:14,1900-01-01 05:08:14
user410,29661,7371,332,This is bio of user410,Business,17:14:09,1900-01-01 17:14:09
user68,29672,1751,181,This is bio of user68,Personal,01:58:03,1900-01-01 01:58:03
user7,29702,1054,896,This is bio of user7,Business,20:31:01,1900-01-01 20:31:01
user170,29752,7853,336,This is bio of user170,Business,00:13:43,1900-01-01 00:13:43
user834,29928,4326,585,This is bio of user834,Personal,03:18:21,1900-01-01 03:18:21
user481,30248,1261,460,This is bio of user481,Creator,08:05:12,1900-01-01 08:05:12
user216,30262,7259,731,This is bio of user216,Creator,23:22:06,1900-01-01 23:22:06
user473,30283,7451,177,This is bio of user473,Business,00:22:10,1900-01-01 00:22:10
user326,30867,1659,674,This is bio of user326,Creator,15:52:25,1900-01-01 15:52:25
user735,30906,1190,276,This is bio of user735,Personal,11:30:02,1900-01-01 11:30:02
user350,30988,9702,926,This is bio of user350,Creator,05:45:11,1900-01-01 05:45:11
user709,30990,3317,305,This is bio of user709,Creator,11:50:10,1900-01-01 11:50:10
user340,31045,7087,223,This is bio of user340,Personal,17:52:16,1900-01-01 17:52:16
user296,31158,2286,387,This is bio of user296,Creator,08:44:12,1900-01-01 08:44:12
user211,31161,3574,58,This is bio of user211,Creator,20:57:06,1900-01-01 20:57:06
user591,31242,9356,642,This is bio of user591,Personal,04:33:34,1900-01-01 04:33:34
user245,31298,346,239,This is bio of user245,Personal,17:30:20,1900-01-01 17:30:20
user8,31512,5290,307,This is bio of user8,Creator,18:12:14,1900-01-01 18:12:14
user588,31576,9881,108,This is bio of user588,Personal,20:11:48,1900-01-01 20:11:48
user845,31714,6420,371,This is bio of user845,Creator,16:05:36,1900-01-01 16:05:36
user207,31970,4819,311,This is bio of user207,Personal,14:09:50,1900-01-01 14:09:50
user925,31993,5337,813,This is bio of user925,Business,15:13:17,1900-01-01 15:13:17
user856,32046,5259,173,This is bio of user856,Personal,15:09:21,1900-01-01 15:09:21
user148,32053,9688,521,This is bio of user148,Business,21:43:45,1900-01-01 21:43:45
user554,32101,4698,757,This is bio of user554,Creator,09:27:04,1900-01-01 09:27:04
user156,32318,5846,751,This is bio of user156,Creator,04:43:12,1900-01-01 04:43:12
user247,32341,649,307,This is bio of user247,Creator,03:49:28,1900-01-01 03:49:28
user160,32455,9303,199,This is bio of user160,Creator,12:59:29,1900-01-01 12:59:29
user843,32528,1234,421,This is bio of user843,Business,03:39:33,1900-01-01 03:39:33
user602,32640,6576,334,This is bio of user602,Creator,17:26:12,1900-01-01 17:26:12
user681,32677,6168,850,This is bio of user681,Creator,21:50:09,1900-01-01 21:50:09
user499,32788,1987,93,This is bio of user499,Creator,06:21:58,1900-01-01 06:21:58
user290,32795,1364,448,This is bio of user290,Personal,06:15:59,1900-01-01 06:15:59
user786,32797,1200,776,This is bio of user786,Business,22:33:22,1900-01-01 22:33:22
user614,33003,273,651,This is bio of user614,Personal,04:22:38,1900-01-01 04:22:38
user674,33028,7381,761,This is bio of user674,Business,18:47:52,1900-01-01 18:47:52
user527,33235,2304,91,This is bio of user527,Business,06:10:38,1900-01-01 06:10:38
user376,33362,525,217,This is bio of user376,Business,01:31:12,1900-01-01 01:31:12
user733,33425,7049,539,This is bio of user733,Business,22:41:41,1900-01-01 22:41:41
user10,33724,8013,607,This is bio of user10,Business,12:54:49,1900-01-01 12:54:49
user768,34001,6784,444,This is bio of user768,Business,00:19:56,1900-01-01 00:19:56
user841,34096,2858,784,This is bio of user841,Creator,09:40:08,1900-01-01 09:40:08
user218,34156,5111,445,This is bio of user218,Creator,05:10:09,1900-01-01 05:10:09
user611,34156,8221,373,This is bio of user611,Creator,23:16:45,1900-01-01 23:16:45
user913,34172,6121,401,This is bio of user913,Creator,15:31:15,1900-01-01 15:31:15
user301,34182,4490,363,This is bio of user301,Personal,22:09:31,1900-01-01 22:09:31
user744,34294,1397,870,This is bio of user744,Creator,23:32:03,1900-01-01 23:32:03
user984,34323,4348,253,This is bio of user984,Personal,14:36:32,1900-01-01 14:36:32
user117,34444,6468,522,This is bio of user117,Personal,13:20:37,1900-01-01 13:20:37
user586,34665,5603,659,This is bio of user586,Creator,19:57:06,1900-01-01 19:57:06
user286,34831,3558,424,This is bio of user286,Business,02:52:11,1900-01-01 02:52:11
user152,35055,7059,865,This is bio of user152,Personal,09:59:36,1900-01-01 09:59:36
user315,35138,5690,448,This is bio of user315,Personal,14:41:18,1900-01-01 14:41:18
user807,35264,944,474,This is bio of user807,Business,16:49:33,1900-01-01 16:49:33
user393,35335,3190,706,This is bio of user393,Creator,21:45:09,1900-01-01 21:45:09
user616,35389,400,157,This is bio of user616,Creator,01:17:13,1900-01-01 01:17:13
user671,35498,903,158,This is bio of user671,Personal,00:34:19,1900-01-01 00:34:19
user111,35598,9466,238,This is bio of user111,Creator,02:34:57,1900-01-01 02:34:57
user168,35738,9197,467,This is bio of user168,Personal,15:53:23,1900-01-01 15:53:23
user220,35746,8648,494,This is bio of user220,Business,22:30:44,1900-01-01 22:30:44
user898,35861,1999,957,This is bio of user898,Business,05:01:28,1900-01-01 05:01:28
user561,35927,9791,963,This is bio of user561,Creator,15:13:16,1900-01-01 15:13:16
user914,36046,3208,145,This is bio of user914,Personal,01:35:08,1900-01-01 01:35:08
user521,36082,1193,881,This is bio of user521,Personal,10:15:36,1900-01-01 10:15:36
user764,36225,7713,51,This is bio of user764,Creator,14:42:29,1900-01-01 14:42:29
user370,36263,4708,467,This is bio of user370,Personal,10:53:28,1900-01-01 10:53:28
user883,36368,9934,769,This is bio of user883,Personal,17:32:02,1900-01-01 17:32:02
user448,36377,6801,277,This is bio of user448,Personal,11:16:23,1900-01-01 11:16:23
user703,36381,3418,826,This is bio of user703,Creator,15:16:26,1900-01-01 15:16:26
user454,36459,3597,7,This is bio of user454,Business,19:46:02,1900-01-01 19:46:02
user820,36600,3146,746,This is bio of user820,Personal,23:21:26,1900-01-01 23:21:26
user686,36729,9200,118,This is bio of user686,Creator,21:24:25,1900-01-01 21:24:25
user851,36780,1692,908,This is bio of user851,Business,07:07:30,1900-01-01 07:07:30
user589,36976,1552,369,This is bio of user589,Personal,00:19:34,1900-01-01 00:19:34
user238,37242,6087,448,This is bio of user238,Personal,19:27:12,1900-01-01 19:27:12
user384,37465,5353,460,This is bio of user384,Creator,05:57:20,1900-01-01 05:57:20
user660,37472,3919,360,This is bio of user660,Business,03:37:34,1900-01-01 03:37:34
user43,37553,5432,994,This is bio of user43,Business,01:31:02,1900-01-01 01:31:02
user146,37698,7880,890,This is bio of user146,Personal,04:30:09,1900-01-01 04:30:09
user431,37889,1602,387,This is bio of user431,Business,17:54:35,1900-01-01 17:54:35
user105,38158,560,368,This is bio of user105,Business,20:04:25,1900-01-01 20:04:25
user745,38244,7754,770,This is bio of user745,Personal,17:04:47,1900-01-01 17:04:47
user648,38253,2458,771,This is bio of user648,Creator,23:32:14,1900-01-01 23:32:14
user606,38365,7912,270,This is bio of user606,Business,16:38:04,1900-01-01 16:38:04
user684,38472,1762,845,This is bio of user684,Business,02:03:21,1900-01-01 02:03:21
user228,38476,1223,713,This is bio of user228,Business,20:30:31,1900-01-01 20:30:31
user524,38562,3075,482,This is bio of user524,Personal,14:07:57,1900-01-01 14:07:57
user823,38702,6935,882,This is bio of user823,Business,15:07:50,1900-01-01 15:07:50
user654,38916,8279,221,This is bio of user654,Business,05:05:31,1900-01-01 05:05:31
user580,38995,5661,924,This is bio of user580,Creator,18:29:16,1900-01-01 18:29:16
user178,39044,6454,311,This is bio of user178,Personal,21:48:18,1900-01-01 21:48:18
user525,39502,6416,334,This is bio of user525,Personal,05:51:28,1900-01-01 05:51:28
user838,39615,4706,858,This is bio of user838,Creator,01:02:30,1900-01-01 01:02:30
user970,39663,5924,743,This is bio of user970,Business,18:57:00,1900-01-01 18:57:00
user827,40095,5775,518,This is bio of user827,Business,17:05:21,1900-01-01 17:05:21
user965,40115,4174,908,This is bio of user965,Creator,15:10:13,1900-01-01 15:10:13
user418,40173,6593,260,This is bio of user418,Personal,07:33:14,1900-01-01 07:33:14
user902,40657,2453,605,This is bio of user902,Personal,15:46:43,1900-01-01 15:46:43
user532,40721,9065,925,This is bio of user532,Business,02:45:55,1900-01-01 02:45:55
user571,40902,5654,634,This is bio of user571,Business,05:09:50,1900-01-01 05:09:50
user357,40917,6529,150,This is bio of user357,Creator,04:06:49,1900-01-01 04:06:49
user429,41058,9848,323,This is bio of user429,Personal,14:45:04,1900-01-01 14:45:04
user756,41100,4292,517,This is bio of user756,Business,14:47:17,1900-01-01 14:47:17
user762,41270,9608,846,This is bio of user762,Personal,22:46:41,1900-01-01 22:46:41
user455,41323,6241,448,This is bio of user455,Creator,07:43:49,1900-01-01 07:43:49
user665,41356,7598,442,This is bio of user665,Personal,11:35:41,1900-01-01 11:35:41
user96,41436,8827,996,This is bio of user96,Business,20:42:00,1900-01-01 20:42:00
user778,41451,1119,932,This is bio of user778,Creator,02:01:09,1900-01-01 02:01:09
user338,41484,7424,984,This is bio of user338,Creator,02:50:22,1900-01-01 02:50:22
user677,41587,8883,52,This is bio of user677,Business,23:32:41,1900-01-01 23:32:41
user577,41606,89,253,This is bio of user577,Creator,11:46:44,1900-01-01 11:46:44
user657,41767,8481,580,This is bio of user657,Business,01:46:42,1900-01-01 01:46:42
user475,41775,8506,923,This is bio of user475,Creator,01:31:14,1900-01-01 01:31:14
user337,41877,7205,399,This is bio of user337,Creator,10:29:41,1900-01-01 10:29:41
user479,41955,3643,951,This is bio of user479,Business,06:37:54,1900-01-01 06:37:54
user136,42013,6191,385,This is bio of user136,Business,12:31:58,1900-01-01 12:31:58
user995,42030,703,347,This is bio of user995,Creator,22:10:50,1900-01-01 22:10:50
user187,42254,6150,694,This is bio of user187,Business,11:58:27,1900-01-01 11:58:27
user33,42349,5382,64,This is bio of user33,Creator,07:51:40,1900-01-01 07:51:40
user430,42397,2603,130,This is bio of user430,Creator,16:24:48,1900-01-01 16:24:48
user309,42445,280,137,This is bio of user309,Personal,20:07:32,1900-01-01 20:07:32
user890,42700,7669,397,This is bio of user890,Creator,16:14:33,1900-01-01 16:14:33
user439,42702,7379,326,This is bio of user439,Personal,23:58:42,1900-01-01 23:58:42
user279,42881,255,470,This is bio of user279,Creator,05:21:06,1900-01-01 05:21:06
user396,42931,7660,486,This is bio of user396,Personal,04:50:13,1900-01-01 04:50:13
user378,43328,3156,707,This is bio of user378,Personal,08:16:50,1900-01-01 08:16:50
user940,43366,7412,519,This is bio of user940,Personal,13:46:36,1900-01-01 13:46:36
user646,43389,925,397,This is bio of user646,Business,02:11:23,1900-01-01 02:11:23
user891,43452,4114,167,This is bio of user891,Creator,09:25:53,1900-01-01 09:25:53
user536,43474,3380,276,This is bio of user536,Personal,07:00:41,1900-01-01 07:00:41
user339,43538,742,192,This is bio of user339,Creator,03:42:07,1900-01-01 03:42:07
user635,43622,1293,773,This is bio of user635,Creator,10:16:41,1900-01-01 10:16:41
user381,43697,9747,549,This is bio of user381,Business,08:27:13,1900-01-01 08:27:13
user651,43859,3392,947,This is bio of user651,Business,16:31:23,1900-01-01 16:31:23
user870,43888,4938,513,This is bio of user870,Creator,09:19:41,1900-01-01 09:19:41
user511,43932,5714,232,This is bio of user511,Creator,17:10:41,1900-01-01 17:10:41
user618,43979,9242,749,This is bio of user618,Personal,11:03:15,1900-01-01 11:03:15
user18,44032,7765,366,This is bio of user18,Personal,13:48:17,1900-01-01 13:48:17
user943,44096,4124,544,This is bio of user943,Personal,05:19:03,1900-01-01 05:19:03
user380,44114,3438,6,This is bio of user380,Personal,02:49:10,1900-01-01 02:49:10
user387,44146,9407,660,This is bio of user387,Business,21:30:44,1900-01-01 21:30:44
user975,44161,6666,509,This is bio of user975,Personal,06:34:44,1900-01-01 06:34:44
user260,44180,8519,402,This is bio of user260,Creator,16:12:04,1900-01-01 16:12:04
user405,44222,5507,584,This is bio of user405,Creator,04:56:55,1900-01-01 04:56:55
user361,44429,8916,315,This is bio of user361,Personal,15:13:12,1900-01-01 15:13:12
user9,44439,8275,713,This is bio of user9,Business,15:21:47,1900-01-01 15:21:47
user934,44638,6110,431,This is bio of user934,Personal,18:36:33,1900-01-01 18:36:33
user298,44820,7355,115,This is bio of user298,Creator,14:07:04,1900-01-01 14:07:04
user284,44992,5393,370,This is bio of user284,Business,00:29:51,1900-01-01 00:29:51
user21,45009,179,311,This is bio of user21,Business,03:56:00,1900-01-01 03:56:00
user206,45077,4445,280,This is bio of user206,Personal,03:24:36,1900-01-01 03:24:36
user345,45312,9453,682,This is bio of user345,Business,02:03:00,1900-01-01 02:03:00
user982,45342,5357,737,This is bio of user982,Creator,07:03:06,1900-01-01 07:03:06
user986,45443,8504,661,This is bio of user986,Business,06:05:46,1900-01-01 06:05:46
user868,45494,2134,533,This is bio of user868,Business,05:17:02,1900-01-01 05:17:02
user129,45525,1388,166,This is bio of user129,Personal,01:29:40,1900-01-01 01:29:40
user594,45572,5393,316,This is bio of user594,Creator,23:53:29,1900-01-01 23:53:29
user132,45844,4329,783,This is bio of user132,Business,20:08:50,1900-01-01 20:08:50
user585,45905,3770,98,This is bio of user585,Business,17:12:47,1900-01-01 17:12:47
user264,46189,1198,222,This is bio of user264,Creator,16:20:15,1900-01-01 16:20:15
user328,46259,7526,818,This is bio of user328,Creator,14:10:12,1900-01-01 14:10:12
user406,46448,4234,129,This is bio of user406,Personal,04:22:09,1900-01-01 04:22:09
user761,46595,7265,17,This is bio of user761,Creator,02:28:34,1900-01-01 02:28:34
user38,46613,3196,957,This is bio of user38,Creator,13:05:11,1900-01-01 13:05:11
user782,46632,8071,98,This is bio of user782,Business,04:04:23,1900-01-01 04:04:23
user184,46723,5589,392,This is bio of user184,Business,04:07:56,1900-01-01 04:07:56
user799,46726,2444,347,This is bio of user799,Creator,22:14:10,1900-01-01 22:14:10
user622,46733,8941,931,This is bio of user622,Creator,05:51:22,1900-01-01 05:51:22
user587,46777,4466,476,This is bio of user587,Personal,15:44:51,1900-01-01 15:44:51
user545,46890,1284,756,This is bio of user545,Business,22:41:06,1900-01-01 22:41:06
user140,46898,5439,70,This is bio of user140,Creator,01:13:53,1900-01-01 01:13:53
user892,46965,6033,991,This is bio of user892,Business,23:04:24,1900-01-01 23:04:24
user961,47470,1314,159,This is bio of user961,Business,07:16:38,1900-01-01 07:16:38
user103,47544,4182,365,This is bio of user103,Creator,00:38:52,1900-01-01 00:38:52
user889,47876,7372,399,This is bio of user889,Business,12:38:16,1900-01-01 12:38:16
user42,47939,2991,83,This is bio of user42,Personal,15:38:49,1900-01-01 15:38:49
user915,48254,3335,966,This is bio of user915,Creator,02:51:26,1900-01-01 02:51:26
user348,48309,3469,492,This is bio of user348,Personal,05:20:33,1900-01-01 05:20:33
user887,48406,6695,763,This is bio of user887,Creator,21:44:44,1900-01-01 21:44:44
user291,48577,1267,203,This is bio of user291,Business,09:27:36,1900-01-01 09:27:36
user899,48585,9194,60,This is bio of user899,Personal,10:51:41,1900-01-01 10:51:41
user788,48652,1050,743,This is bio of user788,Personal,06:15:11,1900-01-01 06:15:11
user347,48670,1146,405,This is bio of user347,Business,18:01:08,1900-01-01 18:01:08
user736,48736,1984,330,This is bio of user736,Creator,17:13:57,1900-01-01 17:13:57
user645,49086,3379,189,This is bio of user645,Creator,05:57:02,1900-01-01 05:57:02
user95,49297,1947,997,This is bio of user95,Personal,04:24:19,1900-01-01 04:24:19
user967,49315,3156,791,This is bio of user967,Creator,15:52:25,1900-01-01 15:52:25
user578,49355,3158,999,This is bio of user578,Creator,05:11:10,1900-01-01 05:11:10
user711,49378,3739,766,This is bio of user711,Personal,06:48:01,1900-01-01 06:48:01
user620,49424,690,762,This is bio of user620,Creator,23:00:03,1900-01-01 23:00:03
user399,49513,1589,155,This is bio of user399,Personal,07:57:35,1900-01-01 07:57:35
user558,49770,4588,556,This is bio of user558,Personal,16:30:13,1900-01-01 16:30:13
user522,49802,5015,257,This is bio of user522,Personal,05:14:39,1900-01-01 05:14:39
user81,49959,4312,560,This is bio of user81,Personal,20:11:12,1900-01-01 20:11:12
user437,49970,8481,254,This is bio of user437,Creator,03:04:23,1900-01-01 03:04:23
user120,50214,7376,872,This is bio of user120,Creator,01:21:43,1900-01-01 01:21:43
user680,50239,5215,397,This is bio of user680,Personal,09:43:12,1900-01-01 09:43:12
user825,50324,2857,176,This is bio of user825,Business,00:28:23,1900-01-01 00:28:23
user75,50433,5661,167,This is bio of user75,Creator,23:53:10,1900-01-01 23:53:10
user753,50493,594,842,This is bio of user753,Personal,02:25:29,1900-01-01 02:25:29
user623,50547,844,242,This is bio of user623,Personal,06:38:42,1900-01-01 06:38:42
user80,50559,7392,1000,This is bio of user80,Business,15:18:07,1900-01-01 15:18:07
user933,50682,3348,276,This is bio of user933,Creator,17:21:44,1900-01-01 17:21:44
user698,50767,7408,180,This is bio of user698,Creator,03:04:44,1900-01-01 03:04:44
user749,51219,2690,550,This is bio of user749,Business,12:23:51,1900-01-01 12:23:51
user275,51345,88,950,This is bio of user275,Creator,15:27:44,1900-01-01 15:27:44
user98,51386,5246,973,This is bio of user98,Creator,05:55:38,1900-01-01 05:55:38
user963,51547,6239,342,This is bio of user963,Personal,00:32:13,1900-01-01 00:32:13
user255,51650,9595,926,This is bio of user255,Creator,10:59:56,1900-01-01 10:59:56
user500,51726,2262,173,This is bio of user500,Business,20:34:49,1900-01-01 20:34:49
user791,51746,7941,326,This is bio of user791,Business,15:35:31,1900-01-01 15:35:31
user466,51832,5927,477,This is bio of user466,Personal,19:41:18,1900-01-01 19:41:18
user688,51913,2715,924,This is bio of user688,Personal,20:34:58,1900-01-01 20:34:58
user232,51991,1276,802,This is bio of user232,Creator,11:22:37,1900-01-01 11:22:37
user435,52142,3989,696,This is bio of user435,Creator,08:13:42,1900-01-01 08:13:42
user5,52151,2717,440,This is bio of user5,Business,19:33:28,1900-01-01 19:33:28
user443,52162,7609,501,This is bio of user443,Creator,08:35:15,1900-01-01 08:35:15
user999,52167,6964,350,This is bio of user999,Creator,04:52:45,1900-01-01 04:52:45
user656,52294,5883,731,This is bio of user656,Personal,04:16:24,1900-01-01 04:16:24
user295,52297,8283,134,This is bio of user295,Business,14:40:44,1900-01-01 14:40:44
user806,52456,1753,228,This is bio of user806,Creator,05:56:19,1900-01-01 05:56:19
user351,52584,6701,150,This is bio of user351,Business,09:02:52,1900-01-01 09:02:52
user270,52653,7548,989,This is bio of user270,Personal,18:49:24,1900-01-01 18:49:24
user714,52881,6432,216,This is bio of user714,Personal,06:48:24,1900-01-01 06:48:24
user390,53065,2048,347,This is bio of user390,Personal,12:20:01,1900-01-01 12:20:01
user363,53095,7941,690,This is bio of user363,Business,19:04:45,1900-01-01 19:04:45
user566,53165,6924,408,This is bio of user566,Personal,23:34:28,1900-01-01 23:34:28
user804,53238,2414,322,This is bio of user804,Business,07:13:12,1900-01-01 07:13:12
user304,53293,3336,822,This is bio of user304,Creator,12:06:01,1900-01-01 12:06:01
user969,53352,157,610,This is bio of user969,Creator,22:55:28,1900-01-01 22:55:28
user374,53462,6418,724,This is bio of user374,Business,07:47:19,1900-01-01 07:47:19
user866,53580,4533,889,This is bio of user866,Personal,02:56:05,1900-01-01 02:56:05
user607,53658,3933,354,This is bio of user607,Creator,17:43:11,1900-01-01 17:43:11
user855,53688,4447,690,This is bio of user855,Personal,12:30:01,1900-01-01 12:30:01
user994,53743,8252,891,This is bio of user994,Business,14:41:49,1900-01-01 14:41:49
user537,53775,3949,115,This is bio of user537,Business,22:03:16,1900-01-01 22:03:16
user492,54137,9074,106,This is bio of user492,Business,00:47:44,1900-01-01 00:47:44
user153,54143,6019,512,This is bio of user153,Personal,02:57:43,1900-01-01 02:57:43
user754,54258,2177,989,This is bio of user754,Personal,07:06:02,1900-01-01 07:06:02
user523,54292,4511,172,This is bio of user523,Business,10:58:22,1900-01-01 10:58:22
user949,54307,5970,45,This is bio of user949,Creator,07:42:05,1900-01-01 07:42:05
user874,54457,5271,656,This is bio of user874,Creator,10:46:33,1900-01-01 10:46:33
user663,54497,9114,435,This is bio of user663,Business,15:37:06,1900-01-01 15:37:06
user983,54576,5257,67,This is bio of user983,Creator,07:56:51,1900-01-01 07:56:51
user139,54597,8494,242,This is bio of user139,Personal,08:04:43,1900-01-01 08:04:43
user595,54714,5497,573,This is bio of user595,Personal,09:00:25,1900-01-01 09:00:25
user800,54823,9282,830,This is bio of user800,Creator,02:25:04,1900-01-01 02:25:04
user501,55000,1366,754,This is bio of user501,Business,07:27:35,1900-01-01 07:27:35
user819,55244,4716,277,This is bio of user819,Creator,11:40:02,1900-01-01 11:40:02
user409,55326,4344,60,This is bio of user409,Creator,14:30:11,1900-01-01 14:30:11
user767,55471,5015,50,This is bio of user767,Personal,00:01:44,1900-01-01 00:01:44
user727,55633,3186,373,This is bio of user727,Personal,03:46:08,1900-01-01 03:46:08
user149,55655,4435,580,This is bio of user149,Business,03:00:39,1900-01-01 03:00:39
user181,55699,7204,72,This is bio of user181,Creator,00:04:03,1900-01-01 00:04:03
user574,55716,3432,325,This is bio of user574,Personal,08:08:51,1900-01-01 08:08:51
user716,55735,3112,545,This is bio of user716,Business,10:19:12,1900-01-01 10:19:12
user907,55741,4983,605,This is bio of user907,Personal,19:55:09,1900-01-01 19:55:09
user259,55801,7646,849,This is bio of user259,Personal,04:11:20,1900-01-01 04:11:20
user942,55862,9519,180,This is bio of user942,Business,17:43:58,1900-01-01 17:43:58
user570,55873,393,352,This is bio of user570,Business,18:49:46,1900-01-01 18:49:46
user609,55883,9897,766,This is bio of user609,Creator,17:05:28,1900-01-01 17:05:28
user476,56011,8425,359,This is bio of user476,Business,11:04:17,1900-01-01 11:04:17
user763,56021,4185,829,This is bio of user763,Personal,08:33:37,1900-01-01 08:33:37
user814,56051,1057,805,This is bio of user814,Personal,20:02:26,1900-01-01 20:02:26
user515,56235,8048,254,This is bio of user515,Personal,15:26:33,1900-01-01 15:26:33
user708,56263,7060,683,This is bio of user708,Business,07:23:00,1900-01-01 07:23:00
user415,56301,8653,636,This is bio of user415,Business,16:18:05,1900-01-01 16:18:05
user502,56346,4796,823,This is bio of user502,Creator,11:25:07,1900-01-01 11:25:07
user704,56418,8330,144,This is bio of user704,Creator,12:40:22,1900-01-01 12:40:22
user37,56742,8832,460,This is bio of user37,Personal,11:28:44,1900-01-01 11:28:44
user292,56856,7175,263,This is bio of user292,Business,08:44:20,1900-01-01 08:44:20
user707,56872,1873,829,This is bio of user707,Personal,13:59:48,1900-01-01 13:59:48
user568,57308,8133,309,This is bio of user568,Business,12:43:41,1900-01-01 12:43:41
user222,57338,550,898,This is bio of user222,Personal,08:12:25,1900-01-01 08:12:25
user243,57558,1888,226,This is bio of user243,Business,11:21:35,1900-01-01 11:21:35
user267,57603,6788,318,This is bio of user267,Business,21:37:58,1900-01-01 21:37:58
user775,57606,3811,665,This is bio of user775,Business,13:04:29,1900-01-01 13:04:29
user209,57609,4054,836,This is bio of user209,Business,15:19:47,1900-01-01 15:19:47
user412,57668,3958,483,This is bio of user412,Business,22:02:06,1900-01-01 22:02:06
user191,57698,2054,750,This is bio of user191,Creator,01:12:50,1900-01-01 01:12:50
user553,57820,3511,439,This is bio of user553,Creator,07:37:33,1900-01-01 07:37:33
user235,57884,1413,505,This is bio of user235,Creator,04:50:24,1900-01-01 04:50:24
user770,57918,4540,68,This is bio of user770,Creator,19:51:40,1900-01-01 19:51:40
user884,57954,4671,125,This is bio of user884,Personal,03:44:09,1900-01-01 03:44:09
user456,58055,3609,586,This is bio of user456,Personal,22:40:59,1900-01-01 22:40:59
user803,58104,8212,876,This is bio of user803,Creator,23:35:57,1900-01-01 23:35:57
user477,58109,4139,692,This is bio of user477,Business,17:15:29,1900-01-01 17:15:29
user584,58481,867,542,This is bio of user584,Personal,20:58:11,1900-01-01 20:58:11
user751,58559,1870,253,This is bio of user751,Creator,13:11:25,1900-01-01 13:11:25
user549,58574,5171,853,This is bio of user549,Personal,12:31:29,1900-01-01 12:31:29
user818,58605,6201,1000,This is bio of user818,Personal,18:05:20,1900-01-01 18:05:20
user582,58691,4543,740,This is bio of user582,Creator,00:31:32,1900-01-01 00:31:32
user237,58722,7873,951,This is bio of user237,Personal,01:44:58,1900-01-01 01:44:58
user261,58778,8445,915,This is bio of user261,Business,14:10:11,1900-01-01 14:10:11
user603,58827,9721,748,This is bio of user603,Creator,09:42:55,1900-01-01 09:42:55
user750,58830,3321,859,This is bio of user750,Personal,03:25:09,1900-01-01 03:25:09
user14,59087,898,545,This is bio of user14,Personal,12:56:55,1900-01-01 12:56:55
user575,59149,6215,644,This is bio of user575,Business,19:09:37,1900-01-01 19:09:37
user302,59193,8310,589,This is bio of user302,Business,02:57:17,1900-01-01 02:57:17
user881,59228,7784,759,This is bio of user881,Business,16:29:52,1900-01-01 16:29:52
user490,59286,860,455,This is bio of user490,Personal,09:01:13,1900-01-01 09:01:13
user981,59414,2751,309,This is bio of user981,Creator,11:31:53,1900-01-01 11:31:53
user17,59499,3369,825,This is bio of user17,Personal,02:24:13,1900-01-01 02:24:13
user242,59679,4679,930,This is bio of user242,Personal,03:59:08,1900-01-01 03:59:08
user212,59689,4332,905,This is bio of user212,Business,15:48:51,1900-01-01 15:48:51
user765,59723,4268,862,This is bio of user765,Personal,18:13:47,1900-01-01 18:13:47
user865,59736,4608,633,This is bio of user865,Business,13:59:19,1900-01-01 13:59:19
user905,59748,108,357,This is bio of user905,Business,16:14:51,1900-01-01 16:14:51
user888,59941,2867,757,This is bio of user888,Personal,01:09:49,1900-01-01 01:09:49
user226,60023,7166,292,This is bio of user226,Creator,12:27:05,1900-01-01 12:27:05
user462,60258,7136,697,This is bio of user462,Creator,01:13:45,1900-01-01 01:13:45
user40,60471,6640,112,This is bio of user40,Creator,18:23:52,1900-01-01 18:23:52
user379,60502,2620,387,This is bio of user379,Business,07:50:12,1900-01-01 07:50:12
user297,60521,8586,317,This is bio of user297,Business,17:45:12,1900-01-01 17:45:12
user358,60782,4738,762,This is bio of user358,Personal,14:02:02,1900-01-01 14:02:02
user601,60890,1478,35,This is bio of user601,Creator,01:21:47,1900-01-01 01:21:47
user447,60900,2871,811,This is bio of user447,Business,20:14:52,1900-01-01 20:14:52
user397,60903,3798,223,This is bio of user397,Personal,18:02:47,1900-01-01 18:02:47
user624,60959,2327,472,This is bio of user624,Personal,17:40:56,1900-01-01 17:40:56
user2,60959,430,844,This is bio of user2,Business,13:55:27,1900-01-01 13:55:27
user164,61012,3690,820,This is bio of user164,Business,04:44:04,1900-01-01 04:44:04
user867,61034,6342,842,This is bio of user867,Creator,22:32:52,1900-01-01 22:32:52
user135,61103,6034,518,This is bio of user135,Personal,22:52:13,1900-01-01 22:52:13
user49,61173,5874,665,This is bio of user49,Business,10:38:18,1900-01-01 10:38:18
user797,61307,5329,227,This is bio of user797,Personal,07:26:53,1900-01-01 07:26:53
user4,61327,7760,302,This is bio of user4,Personal,20:09:05,1900-01-01 20:09:05
user58,61431,208,341,This is bio of user58,Business,18:46:05,1900-01-01 18:46:05
user636,61595,550,198,This is bio of user636,Creator,11:16:52,1900-01-01 11:16:52
user145,61744,6862,833,This is bio of user145,Business,00:31:27,1900-01-01 00:31:27
user720,61797,9486,81,This is bio of user720,Personal,06:29:28,1900-01-01 06:29:28
user346,61820,8764,360,This is bio of user346,Business,22:44:42,1900-01-01 22:44:42
user272,62057,1646,892,This is bio of user272,Business,15:27:49,1900-01-01 15:27:49
user691,62210,4170,995,This is bio of user691,Creator,15:43:54,1900-01-01 15:43:54
user332,62244,9891,980,This is bio of user332,Business,01:43:13,1900-01-01 01:43:13
user644,62296,9204,171,This is bio of user644,Creator,08:52:46,1900-01-01 08:52:46
user991,62383,1249,230,This is bio of user991,Business,00:38:29,1900-01-01 00:38:29
user159,62704,5473,530,This is bio of user159,Business,09:39:39,1900-01-01 09:39:39
user188,62894,709,41,This is bio of user188,Creator,08:35:45,1900-01-01 08:35:45
user923,62934,5094,427,This is bio of user923,Personal,23:47:49,1900-01-01 23:47:49
user842,63012,3280,734,This is bio of user842,Creator,08:54:22,1900-01-01 08:54:22
user423,63054,3704,611,This is bio of user423,Personal,03:09:33,1900-01-01 03:09:33
user54,63054,6857,162,This is bio of user54,Personal,19:10:27,1900-01-01 19:10:27
user15,63216,193,796,This is bio of user15,Business,08:48:55,1900-01-01 08:48:55
user815,63444,3481,903,This is bio of user815,Creator,06:02:02,1900-01-01 06:02:02
user175,63572,9091,51,This is bio of user175,Business,04:37:54,1900-01-01 04:37:54
user138,63575,1472,469,This is bio of user138,Personal,08:24:15,1900-01-01 08:24:15
user312,63625,7572,454,This is bio of user312,Creator,11:18:22,1900-01-01 11:18:22
user22,63657,7046,392,This is bio of user22,Personal,08:25:01,1900-01-01 08:25:01
user453,63661,7411,225,This is bio of user453,Creator,15:21:13,1900-01-01 15:21:13
user36,63714,3603,824,This is bio of user36,Creator,03:50:28,1900-01-01 03:50:28
user869,63747,1759,493,This is bio of user869,Creator,20:43:54,1900-01-01 20:43:54
user262,63852,962,711,This is bio of user262,Personal,13:11:56,1900-01-01 13:11:56
user719,64005,6118,614,This is bio of user719,Personal,12:31:07,1900-01-01 12:31:07
user141,64008,4514,120,This is bio of user141,Personal,05:01:48,1900-01-01 05:01:48
user613,64064,5009,528,This is bio of user613,Business,00:29:56,1900-01-01 00:29:56
user336,64202,2581,116,This is bio of user336,Business,00:51:04,1900-01-01 00:51:04
user769,64207,1159,814,This is bio of user769,Creator,12:05:43,1900-01-01 12:05:43
user407,64211,6080,450,This is bio of user407,Personal,18:59:45,1900-01-01 18:59:45
user151,64275,2934,597,This is bio of user151,Personal,18:39:06,1900-01-01 18:39:06
user354,64323,2561,409,This is bio of user354,Business,15:21:49,1900-01-01 15:21:49
user470,64402,9723,716,This is bio of user470,Personal,02:12:55,1900-01-01 02:12:55
user86,64475,4421,342,This is bio of user86,Personal,02:23:59,1900-01-01 02:23:59
user844,64477,8987,238,This is bio of user844,Business,08:30:26,1900-01-01 08:30:26
user559,64501,7249,33,This is bio of user559,Creator,11:35:30,1900-01-01 11:35:30
user689,64547,9533,771,This is bio of user689,Personal,14:04:35,1900-01-01 14:04:35
user610,64589,2031,464,This is bio of user610,Creator,02:51:49,1900-01-01 02:51:49
user596,64597,4185,40,This is bio of user596,Personal,23:26:57,1900-01-01 23:26:57
user958,64693,8170,926,This is bio of user958,Creator,21:15:24,1900-01-01 21:15:24
user436,64799,2621,818,This is bio of user436,Personal,22:33:53,1900-01-01 22:33:53
user45,65007,311,320,This is bio of user45,Personal,10:23:03,1900-01-01 10:23:03
user777,65127,428,648,This is bio of user777,Business,08:32:43,1900-01-01 08:32:43
user752,65219,4479,262,This is bio of user752,Creator,03:10:46,1900-01-01 03:10:46
user394,65298,5826,45,This is bio of user394,Creator,21:17:48,1900-01-01 21:17:48
user440,65389,4765,644,This is bio of user440,Personal,23:33:02,1900-01-01 23:33:02
user231,65709,8640,78,This is bio of user231,Creator,20:42:48,1900-01-01 20:42:48
user560,65879,8151,927,This is bio of user560,Business,12:22:31,1900-01-01 12:22:31
user163,66027,430,450,This is bio of user163,Business,07:11:10,1900-01-01 07:11:10
user371,66121,8760,915,This is bio of user371,Business,18:46:42,1900-01-01 18:46:42
user655,66175,6333,725,This is bio of user655,Creator,21:33:23,1900-01-01 21:33:23
user535,66356,4343,212,This is bio of user535,Personal,05:14:11,1900-01-01 05:14:11
user99,66491,8470,874,This is bio of user99,Business,21:11:12,1900-01-01 21:11:12
user88,66832,8947,204,This is bio of user88,Business,18:11:10,1900-01-01 18:11:10
user627,66862,9980,113,This is bio of user627,Personal,08:36:01,1900-01-01 08:36:01
user87,66877,1362,424,This is bio of user87,Creator,16:04:26,1900-01-01 16:04:26
user505,67091,4165,436,This is bio of user505,Creator,05:52:44,1900-01-01 05:52:44
user760,67330,880,360,This is bio of user760,Creator,19:38:14,1900-01-01 19:38:14
user285,67437,1346,472,This is bio of user285,Creator,02:53:15,1900-01-01 02:53:15
user971,67826,7662,315,This is bio of user971,Business,18:02:42,1900-01-01 18:02:42
user917,68102,2517,277,This is bio of user917,Personal,10:58:22,1900-01-01 10:58:22
user35,68126,4696,839,This is bio of user35,Business,17:57:26,1900-01-01 17:57:26
user83,68184,165,581,This is bio of user83,Creator,15:20:08,1900-01-01 15:20:08
user391,68568,1123,428,This is bio of user391,Business,15:35:09,1900-01-01 15:35:09
user673,68758,8995,157,This is bio of user673,Personal,12:25:12,1900-01-01 12:25:12
user621,68961,1892,68,This is bio of user621,Business,01:21:57,1900-01-01 01:21:57
user863,68980,8796,138,This is bio of user863,Creator,10:26:45,1900-01-01 10:26:45
user157,69145,3117,645,This is bio of user157,Business,12:51:47,1900-01-01 12:51:47
user250,69200,4674,917,This is bio of user250,Personal,18:44:28,1900-01-01 18:44:28
user468,69270,5232,632,This is bio of user468,Business,05:19:19,1900-01-01 05:19:19
user210,69348,2473,830,This is bio of user210,Creator,17:14:15,1900-01-01 17:14:15
user425,69372,7384,67,This is bio of user425,Creator,17:05:39,1900-01-01 17:05:39
user434,69396,2700,900,This is bio of user434,Personal,23:50:41,1900-01-01 23:50:41
user173,69419,8562,440,This is bio of user173,Personal,17:48:01,1900-01-01 17:48:01
user12,69498,4203,148,This is bio of user12,Creator,10:10:30,1900-01-01 10:10:30
user692,69633,8309,970,This is bio of user692,Business,04:36:30,1900-01-01 04:36:30
user822,69699,1016,452,This is bio of user822,Personal,23:35:03,1900-01-01 23:35:03
user78,69764,4233,221,This is bio of user78,Business,15:40:06,1900-01-01 15:40:06
user124,69809,8047,533,This is bio of user124,Creator,13:53:31,1900-01-01 13:53:31
user555,69834,4325,416,This is bio of user555,Personal,23:33:45,1900-01-01 23:33:45
user928,70054,3972,384,This is bio of user928,Business,19:05:58,1900-01-01 19:05:58
user322,70074,1150,256,This is bio of user322,Personal,01:42:42,1900-01-01 01:42:42
user452,70176,5666,989,This is bio of user452,Personal,17:49:53,1900-01-01 17:49:53
user529,70184,5176,86,This is bio of user529,Creator,19:57:57,1900-01-01 19:57:57
user438,70254,714,367,This is bio of user438,Business,08:14:50,1900-01-01 08:14:50
user846,70256,6651,987,This is bio of user846,Personal,02:09:56,1900-01-01 02:09:56
user395,70466,4009,651,This is bio of user395,Creator,13:47:16,1900-01-01 13:47:16
user318,70542,4491,749,This is bio of user318,Personal,06:30:53,1900-01-01 06:30:53
user373,70604,2863,137,This is bio of user373,Business,06:00:16,1900-01-01 06:00:16
user126,70665,7170,876,This is bio of user126,Creator,07:03:02,1900-01-01 07:03:02
user812,70860,65,928,This is bio of user812,Creator,05:41:09,1900-01-01 05:41:09
user922,71017,210,250,This is bio of user922,Personal,08:35:17,1900-01-01 08:35:17
user705,71259,8735,970,This is bio of user705,Business,20:42:17,1900-01-01 20:42:17
user615,71420,1801,91,This is bio of user615,Creator,19:05:37,1900-01-01 19:05:37
user839,71443,2650,674,This is bio of user839,Creator,19:16:10,1900-01-01 19:16:10
user306,71691,9812,165,This is bio of user306,Personal,13:48:49,1900-01-01 13:48:49
user404,71708,934,123,This is bio of user404,Personal,13:20:10,1900-01-01 13:20:10
user572,71791,7740,272,This is bio of user572,Creator,10:41:21,1900-01-01 10:41:21
user441,71897,483,330,This is bio of user441,Personal,16:29:10,1900-01-01 16:29:10
user893,71918,4817,435,This is bio of user893,Business,20:47:32,1900-01-01 20:47:32
user444,71952,6772,657,This is bio of user444,Business,07:54:41,1900-01-01 07:54:41
user772,71966,5736,296,This is bio of user772,Creator,04:59:17,1900-01-01 04:59:17
user875,71995,9522,846,This is bio of user875,Creator,22:21:11,1900-01-01 22:21:11
user392,72170,3129,515,This is bio of user392,Business,07:00:24,1900-01-01 07:00:24
user106,72210,6724,911,This is bio of user106,Personal,16:08:12,1900-01-01 16:08:12
user784,72221,2007,427,This is bio of user784,Personal,06:40:35,1900-01-01 06:40:35
user824,72236,7290,657,This is bio of user824,Business,19:47:41,1900-01-01 19:47:41
user402,72255,2746,582,This is bio of user402,Business,23:50:49,1900-01-01 23:50:49
user619,72262,1173,39,This is bio of user619,Creator,15:19:11,1900-01-01 15:19:11
user1000,72353,5946,123,This is bio of user1000,Personal,06:15:54,1900-01-01 06:15:54
user464,72492,5841,257,This is bio of user464,Creator,12:21:47,1900-01-01 12:21:47
user104,72514,2029,542,This is bio of user104,Personal,04:49:56,1900-01-01 04:49:56
user504,72544,7190,691,This is bio of user504,Business,08:02:36,1900-01-01 08:02:36
user229,72622,8812,124,This is bio of user229,Creator,12:53:46,1900-01-01 12:53:46
user417,72816,5116,595,This is bio of user417,Creator,12:58:44,1900-01-01 12:58:44
user787,72824,8478,929,This is bio of user787,Creator,12:41:47,1900-01-01 12:41:47
user551,72911,8877,841,This is bio of user551,Personal,05:10:16,1900-01-01 05:10:16
user428,72953,1054,661,This is bio of user428,Business,02:58:29,1900-01-01 02:58:29
user687,73067,4291,576,This is bio of user687,Business,03:51:50,1900-01-01 03:51:50
user230,73196,9631,719,This is bio of user230,Personal,10:46:18,1900-01-01 10:46:18
user780,73223,4681,702,This is bio of user780,Creator,01:42:05,1900-01-01 01:42:05
user1,73262,7713,904,This is bio of user1,Creator,06:54:27,1900-01-01 06:54:27
user840,73311,1517,755,This is bio of user840,Creator,18:18:03,1900-01-01 18:18:03
user119,73396,7513,882,This is bio of user119,Creator,13:24:52,1900-01-01 13:24:52
user185,73409,7174,493,This is bio of user185,Creator,13:24:48,1900-01-01 13:24:48
user721,73686,3018,979,This is bio of user721,Creator,04:57:54,1900-01-01 04:57:54
user987,73692,8399,492,This is bio of user987,Business,12:34:52,1900-01-01 12:34:52
user498,73704,943,961,This is bio of user498,Personal,09:20:16,1900-01-01 09:20:16
user460,73787,4328,294,This is bio of user460,Business,05:19:37,1900-01-01 05:19:37
user90,74311,664,71,This is bio of user90,Personal,20:42:43,1900-01-01 20:42:43
user360,74373,5445,900,This is bio of user360,Personal,12:22:03,1900-01-01 12:22:03
user743,74439,1104,886,This is bio of user743,Creator,05:45:47,1900-01-01 05:45:47
user76,74528,6735,613,This is bio of user76,Business,11:04:55,1900-01-01 11:04:55
user162,74549,6977,664,This is bio of user162,Creator,20:25:34,1900-01-01 20:25:34
user653,74965,6871,927,This is bio of user653,Business,12:50:09,1900-01-01 12:50:09
user398,75074,5539,576,This is bio of user398,Creator,23:33:18,1900-01-01 23:33:18
user849,75174,5308,174,This is bio of user849,Creator,05:02:20,1900-01-01 05:02:20
user459,75242,361,532,This is bio of user459,Business,20:32:08,1900-01-01 20:32:08
user737,75270,8969,164,This is bio of user737,Personal,08:17:27,1900-01-01 08:17:27
user342,75323,6556,36,This is bio of user342,Business,09:59:05,1900-01-01 09:59:05
user483,75497,4145,755,This is bio of user483,Creator,17:47:59,1900-01-01 17:47:59
user774,75664,5714,510,This is bio of user774,Business,01:42:24,1900-01-01 01:42:24
user314,75735,5159,598,This is bio of user314,Personal,11:07:35,1900-01-01 11:07:35
user959,75777,5172,53,This is bio of user959,Creator,15:31:39,1900-01-01 15:31:39
user802,75783,1721,15,This is bio of user802,Personal,00:23:05,1900-01-01 00:23:05
user325,75913,1141,577,This is bio of user325,Business,08:00:05,1900-01-01 08:00:05
user368,75917,9102,179,This is bio of user368,Creator,04:27:59,1900-01-01 04:27:59
user894,76086,9479,382,This is bio of user894,Personal,23:34:32,1900-01-01 23:34:32
user172,76183,9595,414,This is bio of user172,Creator,21:07:02,1900-01-01 21:07:02
user72,76236,8723,161,This is bio of user72,Personal,13:24:19,1900-01-01 13:24:19
user895,76247,8290,14,This is bio of user895,Creator,02:26:11,1900-01-01 02:26:11
user85,76271,7439,195,This is bio of user85,Creator,07:17:41,1900-01-01 07:17:41
user91,76361,1126,25,This is bio of user91,Creator,14:25:50,1900-01-01 14:25:50
user65,76383,5307,95,This is bio of user65,Personal,01:21:01,1900-01-01 01:21:01
user634,76466,7948,424,This is bio of user634,Personal,14:25:23,1900-01-01 14:25:23
user177,76529,9105,342,This is bio of user177,Creator,14:49:56,1900-01-01 14:49:56
user989,76568,6170,257,This is bio of user989,Creator,07:48:30,1900-01-01 07:48:30
user836,76649,1927,230,This is bio of user836,Personal,07:28:23,1900-01-01 07:28:23
user294,76864,293,791,This is bio of user294,Business,00:08:55,1900-01-01 00:08:55
user110,77096,9557,526,This is bio of user110,Creator,03:05:48,1900-01-01 03:05:48
user562,77129,3988,199,This is bio of user562,Creator,10:38:42,1900-01-01 10:38:42
user246,77157,8650,873,This is bio of user246,Business,19:14:35,1900-01-01 19:14:35
user62,77353,7386,454,This is bio of user62,Personal,09:24:50,1900-01-01 09:24:50
user909,77376,8290,138,This is bio of user909,Business,22:43:31,1900-01-01 22:43:31
user794,77623,978,167,This is bio of user794,Personal,22:35:56,1900-01-01 22:35:56
user669,77690,4181,979,This is bio of user669,Personal,04:49:17,1900-01-01 04:49:17
user901,77699,7732,429,This is bio of user901,Business,14:50:16,1900-01-01 14:50:16
user51,77714,6144,221,This is bio of user51,Personal,00:56:12,1900-01-01 00:56:12
user906,77840,3852,36,This is bio of user906,Personal,12:10:14,1900-01-01 12:10:14
user269,77944,875,891,This is bio of user269,Business,16:25:56,1900-01-01 16:25:56
user702,78017,2352,29,This is bio of user702,Personal,10:13:41,1900-01-01 10:13:41
user550,78032,1827,165,This is bio of user550,Business,18:58:39,1900-01-01 18:58:39
user41,78217,2844,871,This is bio of user41,Personal,22:53:18,1900-01-01 22:53:18
user480,78355,5923,585,This is bio of user480,Personal,12:51:27,1900-01-01 12:51:27
user518,78460,9581,392,This is bio of user518,Creator,10:32:06,1900-01-01 10:32:06
user861,78657,8162,8,This is bio of user861,Business,06:05:11,1900-01-01 06:05:11
user908,78732,1977,231,This is bio of user908,Business,11:56:09,1900-01-01 11:56:09
user108,78776,8516,117,This is bio of user108,Creator,01:25:11,1900-01-01 01:25:11
user830,78886,370,845,This is bio of user830,Personal,03:28:14,1900-01-01 03:28:14
user189,78946,7802,330,This is bio of user189,Business,07:42:45,1900-01-01 07:42:45
user167,79105,5871,883,This is bio of user167,Business,04:33:38,1900-01-01 04:33:38
user107,79148,8623,202,This is bio of user107,Business,14:19:41,1900-01-01 14:19:41
user873,79203,3751,341,This is bio of user873,Business,06:38:40,1900-01-01 06:38:40
user165,79453,9516,992,This is bio of user165,Personal,17:49:13,1900-01-01 17:49:13
user672,80010,6272,289,This is bio of user672,Creator,18:27:36,1900-01-01 18:27:36
user27,80018,8040,943,This is bio of user27,Creator,08:17:40,1900-01-01 08:17:40
user265,80239,2724,714,This is bio of user265,Personal,11:50:15,1900-01-01 11:50:15
user746,80468,7873,967,This is bio of user746,Business,19:25:09,1900-01-01 19:25:09
user567,80538,4918,315,This is bio of user567,Business,01:21:50,1900-01-01 01:21:50
user725,80905,6806,598,This is bio of user725,Personal,00:24:59,1900-01-01 00:24:59
user276,81037,80,756,This is bio of user276,Creator,03:38:08,1900-01-01 03:38:08
user998,81337,2955,779,This is bio of user998,Personal,01:21:25,1900-01-01 01:21:25
user143,81361,595,807,This is bio of user143,Business,03:21:56,1900-01-01 03:21:56
user53,81381,587,155,This is bio of user53,Business,14:37:05,1900-01-01 14:37:05
user533,81416,2154,645,This is bio of user533,Business,13:53:42,1900-01-01 13:53:42
user785,81546,3450,533,This is bio of user785,Creator,14:05:59,1900-01-01 14:05:59
user885,81563,6069,915,This is bio of user885,Creator,02:34:30,1900-01-01 02:34:30
user63,81730,9381,147,This is bio of user63,Creator,12:49:08,1900-01-01 12:49:08
user77,81760,233,34,This is bio of user77,Creator,04:22:37,1900-01-01 04:22:37
user666,81827,3582,393,This is bio of user666,Personal,00:51:07,1900-01-01 00:51:07
user73,81856,8231,302,This is bio of user73,Creator,01:12:51,1900-01-01 01:12:51
user693,81952,4722,364,This is bio of user693,Business,14:29:41,1900-01-01 14:29:41
user950,82165,2156,753,This is bio of user950,Business,20:07:44,1900-01-01 20:07:44
user197,82275,7934,298,This is bio of user197,Business,08:26:57,1900-01-01 08:26:57
user927,82349,3036,507,This is bio of user927,Creator,14:59:06,1900-01-01 14:59:06
user826,82445,2284,507,This is bio of user826,Business,06:06:38,1900-01-01 06:06:38
user445,82469,1641,906,This is bio of user445,Creator,03:58:26,1900-01-01 03:58:26
user321,82546,8665,382,This is bio of user321,Business,09:05:38,1900-01-01 09:05:38
user658,82669,9460,482,This is bio of user658,Business,13:50:25,1900-01-01 13:50:25
user947,82714,7441,42,This is bio of user947,Personal,22:12:27,1900-01-01 22:12:27
user664,83141,4261,272,This is bio of user664,Business,22:33:22,1900-01-01 22:33:22
user789,83171,9247,218,This is bio of user789,Business,01:38:26,1900-01-01 01:38:26
user544,83215,5284,443,This is bio of user544,Creator,21:40:49,1900-01-01 21:40:49
user980,83378,7079,178,This is bio of user980,Business,07:20:24,1900-01-01 07:20:24
user248,83523,3725,340,This is bio of user248,Creator,10:18:29,1900-01-01 10:18:29
user519,83531,7312,671,This is bio of user519,Creator,10:29:27,1900-01-01 10:29:27
user552,83699,6459,777,This is bio of user552,Personal,19:07:04,1900-01-01 19:07:04
user367,83845,9396,639,This is bio of user367,Business,22:23:12,1900-01-01 22:23:12
user604,83912,7442,111,This is bio of user604,Personal,12:54:42,1900-01-01 12:54:42
user253,84063,5355,516,This is bio of user253,Creator,20:52:41,1900-01-01 20:52:41
user200,84154,4464,685,This is bio of user200,Creator,22:01:34,1900-01-01 22:01:34
user926,84176,2839,52,This is bio of user926,Business,06:32:13,1900-01-01 06:32:13
user300,84253,5222,605,This is bio of user300,Creator,06:15:19,1900-01-01 06:15:19
user194,84326,9984,399,This is bio of user194,Business,09:46:59,1900-01-01 09:46:59
user871,84431,5539,9,This is bio of user871,Creator,23:25:45,1900-01-01 23:25:45
user852,84601,4402,506,This is bio of user852,Creator,00:53:29,1900-01-01 00:53:29
user948,84645,5830,108,This is bio of user948,Creator,18:17:38,1900-01-01 18:17:38
user424,84764,9401,977,This is bio of user424,Personal,15:42:51,1900-01-01 15:42:51
user57,84773,7109,115,This is bio of user57,Personal,07:06:00,1900-01-01 07:06:00
user858,84777,4993,321,This is bio of user858,Personal,00:39:57,1900-01-01 00:39:57
user115,84791,3166,548,This is bio of user115,Creator,15:00:16,1900-01-01 15:00:16
user288,84828,4631,224,This is bio of user288,Business,06:16:38,1900-01-01 06:16:38
user916,84940,5062,902,This is bio of user916,Business,02:30:09,1900-01-01 02:30:09
user534,85204,8535,603,This is bio of user534,Creator,16:09:21,1900-01-01 16:09:21
user930,85303,2754,100,This is bio of user930,Business,18:26:37,1900-01-01 18:26:37
user239,85591,2089,685,This is bio of user239,Personal,08:42:01,1900-01-01 08:42:01
user419,85621,8562,620,This is bio of user419,Creator,07:32:55,1900-01-01 07:32:55
user985,85691,5307,489,This is bio of user985,Business,22:39:24,1900-01-01 22:39:24
user695,85802,6783,726,This is bio of user695,Business,18:26:53,1900-01-01 18:26:53
user142,85878,8019,928,This is bio of user142,Personal,19:42:40,1900-01-01 19:42:40
user224,85886,6253,238,This is bio of user224,Personal,08:38:14,1900-01-01 08:38:14
user208,85975,3902,97,This is bio of user208,Creator,07:23:52,1900-01-01 07:23:52
user112,85993,7483,437,This is bio of user112,Personal,12:44:33,1900-01-01 12:44:33
user123,86227,4563,858,This is bio of user123,Creator,22:00:39,1900-01-01 22:00:39
user422,86479,3566,640,This is bio of user422,Personal,00:04:19,1900-01-01 00:04:19
user936,86529,657,505,This is bio of user936,Creator,16:32:05,1900-01-01 16:32:05
user11,86710,5869,268,This is bio of user11,Creator,10:46:44,1900-01-01 10:46:44
user993,86899,9147,90,This is bio of user993,Personal,15:35:27,1900-01-01 15:35:27
user877,86905,1604,533,This is bio of user877,Business,08:42:46,1900-01-01 08:42:46
user932,87138,855,609,This is bio of user932,Creator,20:19:43,1900-01-01 20:19:43
user330,87237,8869,265,This is bio of user330,Creator,13:23:53,1900-01-01 13:23:53
user848,87308,5763,215,This is bio of user848,Personal,22:05:37,1900-01-01 22:05:37
user809,87413,4862,899,This is bio of user809,Business,14:10:50,1900-01-01 14:10:50
user389,87418,1795,674,This is bio of user389,Personal,10:11:12,1900-01-01 10:11:12
user55,87964,5420,72,This is bio of user55,Creator,23:15:51,1900-01-01 23:15:51
user158,88011,1665,17,This is bio of user158,Business,20:22:43,1900-01-01 20:22:43
user968,88060,8792,959,This is bio of user968,Creator,22:14:39,1900-01-01 22:14:39
user327,88552,4430,531,This is bio of user327,Business,22:06:31,1900-01-01 22:06:31
user93,88560,2606,776,This is bio of user93,Personal,10:27:43,1900-01-01 10:27:43
user118,88667,9921,274,This is bio of user118,Creator,19:34:46,1900-01-01 19:34:46
user859,88676,5758,519,This is bio of user859,Creator,10:49:04,1900-01-01 10:49:04
user931,88714,8152,661,This is bio of user931,Creator,00:37:49,1900-01-01 00:37:49
user457,88749,4044,519,This is bio of user457,Creator,13:26:04,1900-01-01 13:26:04
user510,88792,9459,753,This is bio of user510,Personal,19:18:22,1900-01-01 19:18:22
user122,89067,6119,206,This is bio of user122,Business,13:29:57,1900-01-01 13:29:57
user101,89082,3267,397,This is bio of user101,Creator,20:31:17,1900-01-01 20:31:17
user531,89282,8414,364,This is bio of user531,Business,18:06:21,1900-01-01 18:06:21
user685,89560,9257,375,This is bio of user685,Creator,01:04:47,1900-01-01 01:04:47
user233,89733,9169,691,This is bio of user233,Personal,23:41:37,1900-01-01 23:41:37
user918,89936,6901,797,This is bio of user918,Personal,15:44:21,1900-01-01 15:44:21
user166,89984,9263,417,This is bio of user166,Business,14:09:05,1900-01-01 14:09:05
user638,90030,5807,554,This is bio of user638,Creator,04:12:25,1900-01-01 04:12:25
user421,90097,5293,911,This is bio of user421,Creator,18:32:03,1900-01-01 18:32:03
user831,90107,377,565,This is bio of user831,Business,23:16:29,1900-01-01 23:16:29
user808,90415,2510,185,This is bio of user808,Creator,12:47:55,1900-01-01 12:47:55
user446,90458,1128,909,This is bio of user446,Personal,08:32:24,1900-01-01 08:32:24
user116,90486,4117,458,This is bio of user116,Business,11:45:41,1900-01-01 11:45:41
user978,90493,6816,99,This is bio of user978,Creator,22:40:15,1900-01-01 22:40:15
user810,90497,8353,786,This is bio of user810,Personal,15:57:28,1900-01-01 15:57:28
user569,90931,2591,339,This is bio of user569,Business,22:27:15,1900-01-01 22:27:15
user847,91029,3950,681,This is bio of user847,Business,20:34:37,1900-01-01 20:34:37
user215,91146,4976,554,This is bio of user215,Personal,01:19:43,1900-01-01 01:19:43
user605,91181,7516,483,This is bio of user605,Creator,16:24:41,1900-01-01 16:24:41
user494,91384,6015,528,This is bio of user494,Personal,20:09:08,1900-01-01 20:09:08
user921,91394,6840,568,This is bio of user921,Creator,16:13:46,1900-01-01 16:13:46
user495,91522,9093,57,This is bio of user495,Creator,18:16:04,1900-01-01 18:16:04
user364,91583,4991,424,This is bio of user364,Business,10:27:03,1900-01-01 10:27:03
user44,91618,9701,505,This is bio of user44,Personal,04:42:14,1900-01-01 04:42:14
user738,91650,7788,538,This is bio of user738,Business,03:14:01,1900-01-01 03:14:01
user97,91798,2231,697,This is bio of user97,Business,12:55:16,1900-01-01 12:55:16
user633,91887,7929,370,This is bio of user633,Creator,01:20:33,1900-01-01 01:20:33
user564,92405,7591,570,This is bio of user564,Business,11:59:00,1900-01-01 11:59:00
user23,92405,576,432,This is bio of user23,Business,02:43:55,1900-01-01 02:43:55
user717,92555,4561,939,This is bio of user717,Business,06:40:34,1900-01-01 06:40:34
user640,92651,824,814,This is bio of user640,Personal,03:14:47,1900-01-01 03:14:47
user64,92778,1082,817,This is bio of user64,Creator,12:55:27,1900-01-01 12:55:27
user805,92786,4898,542,This is bio of user805,Personal,02:57:39,1900-01-01 02:57:39
user817,92792,8504,96,This is bio of user817,Creator,14:33:08,1900-01-01 14:33:08
user706,92854,8749,113,This is bio of user706,Personal,12:03:31,1900-01-01 12:03:31
user213,93012,5070,404,This is bio of user213,Personal,17:31:18,1900-01-01 17:31:18
user952,93118,283,853,This is bio of user952,Personal,23:58:23,1900-01-01 23:58:23
user649,93141,627,10,This is bio of user649,Creator,07:12:42,1900-01-01 07:12:42
user131,93250,4655,113,This is bio of user131,Creator,12:48:03,1900-01-01 12:48:03
user353,93408,93,825,This is bio of user353,Creator,02:02:07,1900-01-01 02:02:07
user344,93422,5119,549,This is bio of user344,Business,12:12:22,1900-01-01 12:12:22
user319,93581,6321,949,This is bio of user319,Business,22:18:32,1900-01-01 22:18:32
user758,93621,8368,954,This is bio of user758,Business,02:53:21,1900-01-01 02:53:21
user581,93841,5523,901,This is bio of user581,Creator,20:48:26,1900-01-01 20:48:26
user365,93895,1674,7,This is bio of user365,Business,15:37:10,1900-01-01 15:37:10
user359,94067,1481,429,This is bio of user359,Business,10:44:21,1900-01-01 10:44:21
user757,94156,1397,828,This is bio of user757,Business,18:05:24,1900-01-01 18:05:24
user860,94197,4275,925,This is bio of user860,Business,18:57:26,1900-01-01 18:57:26
user853,94258,5980,139,This is bio of user853,Creator,05:17:36,1900-01-01 05:17:36
user507,94448,6247,285,This is bio of user507,Personal,01:39:34,1900-01-01 01:39:34
user377,94457,2635,17,This is bio of user377,Business,12:57:31,1900-01-01 12:57:31
user66,94505,3776,609,This is bio of user66,Creator,22:08:43,1900-01-01 22:08:43
user508,94575,4866,899,This is bio of user508,Business,03:21:23,1900-01-01 03:21:23
user240,94719,2338,881,This is bio of user240,Personal,11:47:59,1900-01-01 11:47:59
user740,94864,1939,398,This is bio of user740,Business,03:06:01,1900-01-01 03:06:01
user28,94866,8339,868,This is bio of user28,Personal,06:40:02,1900-01-01 06:40:02
user729,95003,3255,372,This is bio of user729,Business,21:22:37,1900-01-01 21:22:37
user953,95097,6269,994,This is bio of user953,Business,15:57:57,1900-01-01 15:57:57
user643,95099,4359,469,This is bio of user643,Personal,13:29:55,1900-01-01 13:29:55
user100,95204,3140,319,This is bio of user100,Creator,08:00:18,1900-01-01 08:00:18
user724,95335,2395,674,This is bio of user724,Personal,15:42:15,1900-01-01 15:42:15
user496,95340,8930,587,This is bio of user496,Business,22:10:53,1900-01-01 22:10:53
user331,95558,71,718,This is bio of user331,Personal,22:00:00,1900-01-01 22:00:00
user759,95594,3390,291,This is bio of user759,Creator,13:28:42,1900-01-01 13:28:42
user414,96045,9981,540,This is bio of user414,Creator,18:02:44,1900-01-01 18:02:44
user939,96066,3582,600,This is bio of user939,Personal,06:47:05,1900-01-01 06:47:05
user597,96342,5137,922,This is bio of user597,Business,22:08:18,1900-01-01 22:08:18
user313,96414,9540,808,This is bio of user313,Business,05:58:12,1900-01-01 05:58:12
user542,96496,9881,141,This is bio of user542,Business,12:03:51,1900-01-01 12:03:51
user516,96557,6115,597,This is bio of user516,Creator,08:45:00,1900-01-01 08:45:00
user503,96781,3981,284,This is bio of user503,Creator,10:03:45,1900-01-01 10:03:45
user427,96820,3356,47,This is bio of user427,Business,08:59:35,1900-01-01 08:59:35
user650,97004,8466,600,This is bio of user650,Creator,22:36:56,1900-01-01 22:36:56
user203,97107,7287,384,This is bio of user203,Personal,09:47:53,1900-01-01 09:47:53
user897,97152,6814,346,This is bio of user897,Creator,13:01:03,1900-01-01 13:01:03
user625,97261,9705,619,This is bio of user625,Creator,15:46:54,1900-01-01 15:46:54
user811,97348,2561,120,This is bio of user811,Creator,06:06:04,1900-01-01 06:06:04
user463,97375,237,12,This is bio of user463,Business,14:42:48,1900-01-01 14:42:48
user957,97475,910,380,This is bio of user957,Personal,01:44:22,1900-01-01 01:44:22
user741,97484,801,859,This is bio of user741,Personal,15:21:44,1900-01-01 15:21:44
user628,97519,7297,551,This is bio of user628,Business,05:28:37,1900-01-01 05:28:37
user837,97586,2721,101,This is bio of user837,Creator,12:52:34,1900-01-01 12:52:34
user258,97591,4077,603,This is bio of user258,Personal,01:52:24,1900-01-01 01:52:24
user154,97838,1521,229,This is bio of user154,Business,22:05:45,1900-01-01 22:05:45
user734,97927,8616,601,This is bio of user734,Business,15:52:42,1900-01-01 15:52:42
user951,97960,5239,819,This is bio of user951,Creator,16:19:37,1900-01-01 16:19:37
user79,98070,1244,703,This is bio of user79,Creator,02:12:27,1900-01-01 02:12:27
user31,98094,7385,236,This is bio of user31,Business,19:16:02,1900-01-01 19:16:02
user637,98111,3204,465,This is bio of user637,Business,18:10:46,1900-01-01 18:10:46
user234,98197,6344,560,This is bio of user234,Creator,18:47:32,1900-01-01 18:47:32
user792,98311,2449,842,This is bio of user792,Creator,07:56:50,1900-01-01 07:56:50
user701,98343,836,946,This is bio of user701,Personal,17:19:53,1900-01-01 17:19:53
user46,98349,9846,305,This is bio of user46,Personal,08:25:41,1900-01-01 08:25:41
user366,98472,5003,941,This is bio of user366,Personal,00:59:40,1900-01-01 00:59:40
user715,98575,2211,718,This is bio of user715,Creator,05:57:30,1900-01-01 05:57:30
user996,98629,8818,418,This is bio of user996,Personal,23:19:30,1900-01-01 23:19:30
user147,98632,5366,653,This is bio of user147,Personal,08:45:58,1900-01-01 08:45:58
user467,98664,558,789,This is bio of user467,Business,13:22:52,1900-01-01 13:22:52
user964,98780,8896,383,This is bio of user964,Personal,15:17:11,1900-01-01 15:17:11
user56,98896,7016,42,This is bio of user56,Business,18:28:25,1900-01-01 18:28:25
user307,98944,1473,873,This is bio of user307,Business,09:44:06,1900-01-01 09:44:06
user517,98995,9324,188,This is bio of user517,Business,17:31:30,1900-01-01 17:31:30
user742,99117,7135,844,This is bio of user742,Personal,23:40:18,1900-01-01 23:40:18
user896,99140,782,183,This is bio of user896,Creator,06:14:53,1900-01-01 06:14:53
user920,99197,74,898,This is bio of user920,Business,19:05:09,1900-01-01 19:05:09
user94,99305,7362,316,This is bio of user94,Business,11:22:44,1900-01-01 11:22:44
user289,99332,7760,928,This is bio of user289,Business,17:00:12,1900-01-01 17:00:12
user732,99817,7049,485,This is bio of user732,Creator,06:04:07,1900-01-01 06:04:07
user458,99904,7054,716,This is bio of user458,Business,11:21:49,1900-01-01 11:21:49
