Job ID,Title,Company,Location,Tags,Date Posted,URL
1093358,Virtual Assistant $25 Hourly,Brookview Lawncare,,Customer Support,2025-06-12T16:51:34+00:00,https://remoteok.com/remote-jobs/remote-virtual-assistant-25-hourly-brookview-lawncare-1093358
1093382,Creative Event Producer Fully,Meeting Tomorrow,,"Design, Training, Technical, , , , , , , ",2025-06-16T00:02:03+00:00,https://remoteok.com/remote-jobs/remote-creative-event-producer-fully-meeting-tomorrow-1093382
1093372,Staff Physician,Vida Health,,"System, Training, Recruiter, , , , , , , ",2025-06-14T16:01:03+00:00,https://remoteok.com/remote-jobs/remote-staff-physician-vida-health-1093372
1093355,Project Manager,RainFocus,,"Manager, Training, Consulting, , , , , , , , ",2025-06-12T16:00:37+00:00,https://remoteok.com/remote-jobs/remote-project-manager-rainfocus-1093355
1093348,Token Plan Administrator,Toku,,"Support, Payroll, Financial, , , , ",2025-06-11T18:00:04+00:00,https://remoteok.com/remote-jobs/remote-token-plan-administrator-toku-1093348
1093295,Lead Data Engineer,Open Architects,,"Engineer, Developer, DevOps, , , ",2025-06-02T22:32:54+00:00,https://remoteok.com/remote-jobs/remote-lead-data-engineer-open-architects-1093295
1093327,Senior Systems Engineer Autonomous Vehicle Infrastructure,2100 NVIDIA USA,,"Design, Security, Python, , , , , , , , , , , , , ",2025-06-08T16:00:07+00:00,https://remoteok.com/remote-jobs/remote-senior-systems-engineer-autonomous-vehicle-infrastructure-2100-nvidia-usa-1093327
1093325,Senior Production Engineer,110 Yahoo Holdings Inc.,,"Design, Security, Recruiter, , , , , , , , , , , , , ",2025-06-07T20:00:07+00:00,https://remoteok.com/remote-jobs/remote-senior-production-engineer-110-yahoo-holdings-inc-1093325
1093315,Rater the United States,TELUS Digital,,"Quality Assurance, Other",2025-06-05T09:11:11+00:00,https://remoteok.com/remote-jobs/remote-rater-the-united-states-telus-digital-1093315
1093299,Account Executive,Leadr,,"HR, Teach, Training, , , , , , , , , ",2025-06-03T08:01:00+00:00,https://remoteok.com/remote-jobs/remote-account-executive-leadr-1093299
1093286,Data Scientist,The Voleon Group,,"Support, Software, Financial, , , , ",2025-06-01T05:00:02+00:00,https://remoteok.com/remote-jobs/remote-data-scientist-the-voleon-group-1093286
1093283,Software Engineer II,Everbridge,,"Software, System, Front-End, , , , , , , , , , , , , , , ",2025-05-31T00:00:08+00:00,https://remoteok.com/remote-jobs/remote-software-engineer-ii-everbridge-1093283
1093252,Senior Full stack Developer,Lemon.io,,"Engineer, Senior, Developer, , , , , , , , , , , , , , , , , , , , , , , , , , , , , ",2025-05-27T09:56:21+00:00,https://remoteok.com/remote-jobs/remote-senior-full-stack-developer-lemon-io-1093252
1093250,Senior Account Lead,Sanctuary Computer,,"Developer, Executive, Sys Admin, , ",2025-05-26T15:46:29+00:00,https://remoteok.com/remote-jobs/remote-senior-account-lead-sanctuary-computer-1093250
1093248,Growth Analyst Financial Institutions Group,Anchorage Digital,,"Growth, Analyst, Crypto, , , , , , , ",2025-05-26T12:00:03+00:00,https://remoteok.com/remote-jobs/remote-growth-analyst-financial-institutions-group-anchorage-digital-1093248
1093243,AI Technical Program Manager,Dscout,,"Manager, Full-Stack, Technical, , , , , , , , , , ",2025-05-26T00:03:30+00:00,https://remoteok.com/remote-jobs/remote-ai-technical-program-manager-dscout-1093243
1093239,Project Manager,RainFocus,,"Manager, Training, Consulting, , , , , , , , ",2025-05-26T00:02:57+00:00,https://remoteok.com/remote-jobs/remote-project-manager-rainfocus-1093239
1093237,Psychotherapist,Athena,,"Health, Non Tech",2025-05-26T00:02:27+00:00,https://remoteok.com/remote-jobs/remote-psychotherapist-athena-1093237
1093232,Graphic Designer Fully Position,Meeting Tomorrow,,"Design, Designer, Technical, , , , ",2025-05-26T00:01:33+00:00,https://remoteok.com/remote-jobs/remote-graphic-designer-fully-position-meeting-tomorrow-1093232
1093225,People Analytics Business Partner,H1,,"Design, SaaS, HR, , , , , , , , , , , ",2025-05-25T05:00:03+00:00,https://remoteok.com/remote-jobs/remote-people-analytics-business-partner-h1-1093225
1093224,Technical Lead DevOps,Magnet Forensics,,"SaaS, Embedded, Security, , , , , , , , , , , , , , ",2025-05-24T20:00:03+00:00,https://remoteok.com/remote-jobs/remote-technical-lead-devops-magnet-forensics-1093224
1093207,Data Analyst,Foodsmart,,"Analyst, Python, Growth, , , , , , , ",2025-05-21T00:00:09+00:00,https://remoteok.com/remote-jobs/remote-data-analyst-foodsmart-1093207
1093202,Member of Compliance Sanctions,Anchorage Digital,,"Crypto, Cryptocurrency, System, , , , , , , , , , , , , ",2025-05-20T12:00:04+00:00,https://remoteok.com/remote-jobs/remote-member-of-compliance-sanctions-anchorage-digital-1093202
1093197,Member of Product Marketing Protocols,Anchorage Digital,,"Crypto, Security, Technical, , , , , , , , , , , , ",2025-05-19T11:00:03+00:00,https://remoteok.com/remote-jobs/remote-member-of-product-marketing-protocols-anchorage-digital-1093197
1093190,Visual Designer,PIP Labs,,"Design, Web3, Designer, , , , ",2025-05-16T22:00:03+00:00,https://remoteok.com/remote-jobs/remote-visual-designer-pip-labs-1093190
1093187,Member of Product Trading,Anchorage Digital,,"Design, Crypto, Cryptocurrency, , , , , , , , , , , , , , ",2025-05-16T10:00:03+00:00,https://remoteok.com/remote-jobs/remote-member-of-product-trading-anchorage-digital-1093187
1093163,Account Coordinator,Bluelight Consulting,,"Consulting, Training, Coordinator, , , , , , , , ",2025-05-13T08:00:10+00:00,https://remoteok.com/remote-jobs/remote-account-coordinator-bluelight-consulting-1093163
1093154,Mid Market Sales Account Executive,FiscalNote,,"Salesforce, Training, Support, , , , , , , ",2025-05-11T16:00:12+00:00,https://remoteok.com/remote-jobs/remote-mid-market-sales-account-executive-fiscalnote-1093154
1093149,Investment Manager,Wintermute,,"Manager, Web3, Defi, , , , , , , , , , , ",2025-05-09T21:00:06+00:00,https://remoteok.com/remote-jobs/remote-investment-manager-wintermute-1093149
1093136,Design Centric Senior Front End Engineer,Dapper Labs,,"Design, Front-End, Front End, , , , , , ",2025-05-07T14:00:04+00:00,https://remoteok.com/remote-jobs/remote-design-centric-senior-front-end-engineer-dapper-labs-1093136
1093127,Senior Social Media Editor,The Athletic Media Company,,"Security, Game, Recruiter, , , , , , , , , , , ",2025-05-07T08:01:16+00:00,https://remoteok.com/remote-jobs/remote-senior-social-media-editor-the-athletic-media-company-1093127
1093121,Category Manager Walmart,e.l.f. Beauty,,"Manager, Growth, Microsoft, , , , ",2025-05-07T00:00:07+00:00,https://remoteok.com/remote-jobs/remote-category-manager-walmart-e-l-f-beauty-1093121
1093115,Member of Technical Staff Transparency Front End Engineer,Anchorage Digital,,"Crypto, Front End, Security, , , , , , , , , , , , , , , , ",2025-05-06T10:00:04+00:00,https://remoteok.com/remote-jobs/remote-member-of-technical-staff-transparency-front-end-engineer-anchorage-digital-1093115
1093114,Head of Marketing,The People Brand,,"Amazon, Ceo, Technical, , , , , , , , ",2025-05-06T00:00:50+00:00,https://remoteok.com/remote-jobs/remote-head-of-marketing-the-people-brand-1093114
1093102,Principal Product Designer,15Five,,"Design, HR, Training, , , , , , , , ",2025-05-04T09:00:06+00:00,https://remoteok.com/remote-jobs/remote-principal-product-designer-15five-1093102
1093097,Fullstack Software Engineer,BlackCloak,,"Software, Design, System, , , , , , , , , , , , , , , , , , ",2025-05-02T18:00:07+00:00,https://remoteok.com/remote-jobs/remote-fullstack-software-engineer-blackcloak-1093097
1093094,Copywriter,MissionWired,,"Copywriter, Support, Voice, , , , ",2025-05-02T14:00:06+00:00,https://remoteok.com/remote-jobs/remote-copywriter-missionwired-1093094
1093091,Commerce Editor Temporary,BDG,,"Amazon, Wordpress, Strategy, , , , , , , ",2025-05-01T21:00:01+00:00,https://remoteok.com/remote-jobs/remote-commerce-editor-temporary-bdg-1093091
1093087,Licensed Professional Clinical Counselor California,Headlight,,"Training, Consult, Support, , , , , , ",2025-05-01T16:00:15+00:00,https://remoteok.com/remote-jobs/remote-licensed-professional-clinical-counselor-california-headlight-1093087
1093070,Member of Product Atlas Settlement,Anchorage Digital,,"Design, Crypto, Cryptocurrency, , , , , , , , , , , , , ",2025-04-29T10:00:04+00:00,https://remoteok.com/remote-jobs/remote-member-of-product-atlas-settlement-anchorage-digital-1093070
1093068,Sales Operations,Anchorage Digital,,"Design, Crypto, Salesforce, , , , , , , , , , , , , , , , , , , , ",2025-04-28T10:00:03+00:00,https://remoteok.com/remote-jobs/remote-sales-operations-anchorage-digital-1093068
1093050,Talent Acquisition Coordinator,1Password,,"HR, Coordinator, Support, , , , , ",2025-04-24T16:00:04+00:00,https://remoteok.com/remote-jobs/remote-talent-acquisition-coordinator-1password-1093050
1093046,Implementation Specialist,SpryPoint,,"Support, Software, Testing, , , , , , , , , , , ",2025-04-24T08:00:31+00:00,https://remoteok.com/remote-jobs/remote-implementation-specialist-sprypoint-1093046
1093030,Software Engineer III Frontend,Shippo,,"Front End, Software, Design, , , , , , , , , , , , , , ",2025-04-23T08:01:41+00:00,https://remoteok.com/remote-jobs/remote-software-engineer-iii-frontend-shippo-1093030
1093012,Technical Product Manager Developer Platform,TrueML,,"Developer, Manager, Security, , , , , , , , , , , , , , , , , ",2025-04-21T18:00:07+00:00,https://remoteok.com/remote-jobs/remote-technical-product-manager-developer-platform-trueml-1093012
1092997,Director Product,Dscout,,"Director, SaaS, Support, , , , , , , , , , ",2025-04-21T00:01:11+00:00,https://remoteok.com/remote-jobs/remote-director-product-dscout-1092997
1092995,WEBTOON 2D Animator,WEBTOON Entertainment Inc. (Wattpad & WEBTOON Family of Brands),,"VFX, Software, Manager, , , , , , ",2025-04-20T22:00:02+00:00,https://remoteok.com/remote-jobs/remote-webtoon-2d-animator-webtoon-entertainment-inc-wattpad-amp-webtoon-family-of-brands-1092995
1092991,Sales Development Representative,1840 & Company,,"Ceo, Growth, Code, , , , , ",2025-04-20T16:00:16+00:00,https://remoteok.com/remote-jobs/remote-sales-development-representative-1840-amp-company-1092991
1092990,Senior Software Developer HPC Cluster Management,2100 NVIDIA USA,,"Developer, Software, Design, , , , , , , , , , ",2025-04-20T16:00:05+00:00,https://remoteok.com/remote-jobs/remote-senior-software-developer-hpc-cluster-management-2100-nvidia-usa-1092990
1092986,Principal Software Engineer,Shippo,,"Software, Design, System, , , , , , , , , , , , , , , , , ",2025-04-19T13:00:02+00:00,https://remoteok.com/remote-jobs/remote-principal-software-engineer-shippo-1092986
1092983,Staff Backend Engineer,Dapper Labs,,"Design, Crypto, System, , , , , , , , , , , ",2025-04-18T13:00:06+00:00,https://remoteok.com/remote-jobs/remote-staff-backend-engineer-dapper-labs-1092983
